ModelName,ModelDomain,SourceWebAddress,SourceCodeAvailability,CodeReviewed,ProgrammingLanguage,DOIModel,FullUrl,F,A,I,R,F1,F2,F3,A1,A3,I1,I2,I3,R1,R2,R3,R4,F1_1,F1_2,F2_1,F2_2,F3_1,F3_2,F3_3,A1_2,A1_3,A1_4,A1_5,A3_2,A3_3,A3_4,A3_5,I1_1,I1_3,I1_4,I2_1,I2_2,I3_1,I3_2,I3_3,R1_1,R2_1,R3_2,R4_1
ALFRESCO,Cryosphere,https://github.com/ua-snap/alfresco,Through web repository,1,C++,,https://csdms.colorado.edu/wiki/Model:ALFRESCO,0.72,0.0,0.0,0.5,0.8,0.6,0.7,0.0,0.0,0.0,0.0,0.0,0.0,1.0,1.0,0.0,True,False,True,False,False,True,False,False,False,False,False,False,False,False,False,False,False,False,False,False,False,False,False,False,True,True,False
AR2-sinuosity,Hydrology,https://github.com/alimaye/AR2-sinuosity,Through web repository,1,Matlab,,https://csdms.colorado.edu/wiki/Model:AR2-sinuosity,0.72,0.0,0.0,0.5,0.8,0.6,0.7,0.0,0.0,0.0,0.0,0.0,0.0,1.0,1.0,0.0,True,False,True,False,False,True,False,False,False,False,False,False,False,False,False,False,False,False,False,False,False,False,False,False,True,True,False
ATS (The Advanced Terrestrial Simulator),Cryosphere,https://github.com/amanzi/ats,Through web repository,1,C++,,https://csdms.colorado.edu/wiki/Model:ATS_(The_Advanced_Terrestrial_Simulator),0.72,0.0,0.0,0.5,0.8,0.6,0.7,0.0,0.0,0.0,0.0,0.0,0.0,1.0,1.0,0.0,True,False,True,False,False,True,False,False,False,False,False,False,False,False,False,False,False,False,False,False,False,False,False,False,True,True,False
AeoLiS,Terrestrial,https://github.com/openearth/aeolis-python,Through web repository,1,Python,,https://csdms.colorado.edu/wiki/Model:AeoLiS,0.72,0.0,0.0,0.5,0.8,0.6,0.7,0.0,0.0,0.0,0.0,0.0,0.0,1.0,1.0,0.0,True,False,True,False,False,True,False,False,False,False,False,False,False,False,False,False,False,False,False,False,False,False,False,False,True,True,False
AlluvStrat,Coastal,https://github.com/awickert/alluvstrat,Through CSDMS repository,1,Python,10.1594/IEDA/100088,https://csdms.colorado.edu/wiki/Model:AlluvStrat,,,,,,,,,,,,,,,,,,,,,,,,,,,,,,,,,,,,,,,,,,,
AnugaSed,Hydrology,https://github.com/mperignon/anugaSed,Through web repository,1,Python,,https://csdms.colorado.edu/wiki/Model:AnugaSed,0.72,0.0,0.0,0.5,0.8,0.6,0.7,0.0,0.0,0.0,0.0,0.0,0.0,1.0,1.0,0.0,True,False,True,False,False,True,False,False,False,False,False,False,False,False,False,False,False,False,False,False,False,False,False,False,True,True,False
ApsimX,Terrestrial,https://github.com/APSIMInitiative/ApsimX,Through web repository,0,Fortran90,,https://csdms.colorado.edu/wiki/Model:ApsimX,0.72,0.0,0.0,0.5,0.8,0.6,0.7,0.0,0.0,0.0,0.0,0.0,0.0,1.0,1.0,0.0,True,False,True,False,False,True,False,False,False,False,False,False,False,False,False,False,False,False,False,False,False,False,False,False,True,True,False
Auto marsh,Coastal,https://github.com/csdms-contrib/Auto_marsh,Through web repository,1,Matlab,,https://csdms.colorado.edu/wiki/Model:Auto_marsh,0.72,0.0,0.0,0.5,0.8,0.6,0.7,0.0,0.0,0.0,0.0,0.0,0.0,1.0,1.0,0.0,True,False,True,False,False,True,False,False,False,False,False,False,False,False,False,False,False,False,False,False,False,False,False,False,True,True,False
Avulsion,Coastal,https://github.com/mcflugen/sedflux,Through web repository,1,C,10.1594/IEDA/100091,https://csdms.colorado.edu/wiki/Model:Avulsion,0.72,0.0,0.0,0.5,0.8,0.6,0.7,0.0,0.0,0.0,0.0,0.0,0.0,1.0,1.0,0.0,True,False,True,False,False,True,False,False,False,False,False,False,False,False,False,False,False,False,False,False,False,False,False,False,True,True,False
BRaKE,Terrestrial,https://github.com/cmshobe/brake-model,Through CSDMS repository,1,Python,,https://csdms.colorado.edu/wiki/Model:BRaKE,0.72,0.0,0.0,0.5,0.8,0.6,0.7,0.0,0.0,0.0,0.0,0.0,0.0,1.0,1.0,0.0,True,False,True,False,False,True,False,False,False,False,False,False,False,False,False,False,False,False,False,False,False,False,False,False,True,True,False
Badlands,Climate,http://github.com/badlands-model,Through web repository,1,C,10.5281/zenodo.27384,https://csdms.colorado.edu/wiki/Model:Badlands,,,,,,,,,,,,,,,,,,,,,,,,,,,,,,,,,,,,,,,,,,,
Barrier Inlet Environment (BRIE) Model,Coastal,https://github.com/csdms-contrib/Barrier_Inlet_Environment_BRIE_Model,Through web repository,1,Matlab,10.5281/zenodo.1218142,https://csdms.colorado.edu/wiki/Model:Barrier_Inlet_Environment_(BRIE)_Model,0.72,0.0,0.0,0.5,0.8,0.6,0.7,0.0,0.0,0.0,0.0,0.0,0.0,1.0,1.0,0.0,True,False,True,False,False,True,False,False,False,False,False,False,False,False,False,False,False,False,False,False,False,False,False,False,True,True,False
Barrier3D,Coastal,https://github.com/UNC-CECL/Barrier3D,Through web repository,1,Python,10.5281/zenodo.4730988,https://csdms.colorado.edu/wiki/Model:Barrier3D,0.72,0.0,0.0,0.5,0.8,0.6,0.7,0.0,0.0,0.0,0.0,0.0,0.0,1.0,1.0,0.0,True,False,True,False,False,True,False,False,False,False,False,False,False,False,False,False,False,False,False,False,False,False,False,False,True,True,False
BarrierBMFT,Coastal,https://github.com/UNC-CECL/BarrierBMFT,Through web repository,1,Python,,https://csdms.colorado.edu/wiki/Model:BarrierBMFT,0.72,0.0,0.0,0.5,0.8,0.6,0.7,0.0,0.0,0.0,0.0,0.0,0.0,1.0,1.0,0.0,True,False,True,False,False,True,False,False,False,False,False,False,False,False,False,False,False,False,False,False,False,False,False,False,True,True,False
Bing,Marine,https://github.com/mcflugen/sedflux,Through web repository,1,C,10.1594/IEDA/100098,https://csdms.colorado.edu/wiki/Model:Bing,0.72,0.0,0.0,0.5,0.8,0.6,0.7,0.0,0.0,0.0,0.0,0.0,0.0,1.0,1.0,0.0,True,False,True,False,False,True,False,False,False,False,False,False,False,False,False,False,False,False,False,False,False,False,False,False,True,True,False
Bio,Marine,https://github.com/mcflugen/sedflux,Through web repository,1,C,10.1594/IEDA/100099,https://csdms.colorado.edu/wiki/Model:Bio,0.72,0.0,0.0,0.5,0.8,0.6,0.7,0.0,0.0,0.0,0.0,0.0,0.0,1.0,1.0,0.0,True,False,True,False,False,True,False,False,False,False,False,False,False,False,False,False,False,False,False,False,False,False,False,False,True,True,False
BlockLab,Terrestrial,https://github.com/cmshobe/BlockLab,Through web repository,1,Python,,https://csdms.colorado.edu/wiki/Model:BlockLab,0.72,0.0,0.0,0.5,0.8,0.6,0.7,0.0,0.0,0.0,0.0,0.0,0.0,1.0,1.0,0.0,True,False,True,False,False,True,False,False,False,False,False,False,False,False,False,False,False,False,False,False,False,False,False,False,True,True,False
CHILD,Terrestrial,https://github.com/childmodel/child,Through web repository,1,C++,10.1594/IEDA/100102,https://csdms.colorado.edu/wiki/Model:CHILD,,,,,,,,,,,,,,,,,,,,,,,,,,,,,,,,,,,,,,,,,,,
CICE,Cryosphere,https://github.com/CICE-Consortium/CICE,Through web repository,1,Fortran90,,https://csdms.colorado.edu/wiki/Model:CICE,0.72,0.0,0.0,0.5,0.8,0.6,0.7,0.0,0.0,0.0,0.0,0.0,0.0,1.0,1.0,0.0,True,False,True,False,False,True,False,False,False,False,False,False,False,False,False,False,False,False,False,False,False,False,False,False,True,True,False
CMIP,Climate,https://github.com/permamodel,Through web repository,1,Python,,https://csdms.colorado.edu/wiki/Model:CMIP,,,,,,,,,,,,,,,,,,,,,,,,,,,,,,,,,,,,,,,,,,,
COAWST,Coastal,https://github.com/DOI-USGS/COAWST,Through web repository,1,C,,https://csdms.colorado.edu/wiki/Model:COAWST,0.72,0.0,0.0,0.5,0.8,0.6,0.7,0.0,0.0,0.0,0.0,0.0,0.0,1.0,1.0,0.0,True,False,True,False,False,True,False,False,False,False,False,False,False,False,False,False,False,False,False,False,False,False,False,False,True,True,False
COLT Restorations,Coastal,https://github.com/mbbarksdale/CoLT_Restorations,Through web repository,1,Matlab,10.5281/zenodo.14052901,https://csdms.colorado.edu/wiki/Model:COLT_Restorations,0.72,0.0,0.0,0.5,0.8,0.6,0.7,0.0,0.0,0.0,0.0,0.0,0.0,1.0,1.0,0.0,True,False,True,False,False,True,False,False,False,False,False,False,False,False,False,False,False,False,False,False,False,False,False,False,True,True,False
CWatM,Hydrology,https://github.com/iiasa/CWatM,Through web repository,1,C++,,https://csdms.colorado.edu/wiki/Model:CWatM,0.72,0.0,0.0,0.5,0.8,0.6,0.7,0.0,0.0,0.0,0.0,0.0,0.0,1.0,1.0,0.0,True,False,True,False,False,True,False,False,False,False,False,False,False,False,False,False,False,False,False,False,False,False,False,False,True,True,False
ChannelProfiler,Terrestrial,https://github.com/landlab/landlab/tree/master/landlab,Through web repository,1,Python,,https://csdms.colorado.edu/wiki/Model:ChannelProfiler,,,,,,,,,,,,,,,,,,,,,,,,,,,,,,,,,,,,,,,,,,,
ChiFinder,Terrestrial,https://github.com/landlab/landlab/tree/master/landlab,Through web repository,1,Python,,https://csdms.colorado.edu/wiki/Model:ChiFinder,,,,,,,,,,,,,,,,,,,,,,,,,,,,,,,,,,,,,,,,,,,
Cliffs,Coastal,https://github.com/Delta-function/cliffs-src,Through web repository,1,Fortran90,,https://csdms.colorado.edu/wiki/Model:Cliffs,0.72,0.0,0.0,0.5,0.8,0.6,0.7,0.0,0.0,0.0,0.0,0.0,0.0,1.0,1.0,0.0,True,False,True,False,False,True,False,False,False,False,False,False,False,False,False,False,False,False,False,False,False,False,False,False,True,True,False
CoAStal Community-lAnDscape Evolution (CASCADE) model,Coastal,https://github.com/UNC-CECL/CASCADE,Through CSDMS repository,1,Python,,https://csdms.colorado.edu/wiki/Model:CoAStal_Community-lAnDscape_Evolution_(CASCADE)_model,,,,,,,,,,,,,,,,,,,,,,,,,,,,,,,,,,,,,,,,,,,
CoastMorpho2D,Coastal,https://github.com/csdms-contrib/CoastMorpho2D,Through web repository,1,Matlab,10.5281/zenodo.10563890,https://csdms.colorado.edu/wiki/Model:CoastMorpho2D,0.72,0.0,0.0,0.5,0.8,0.6,0.7,0.0,0.0,0.0,0.0,0.0,0.0,1.0,1.0,0.0,True,False,True,False,False,True,False,False,False,False,False,False,False,False,False,False,False,False,False,False,False,False,False,False,True,True,False
Compact,Marine,https://github.com/mcflugen/sedflux,Through web repository,1,C,10.1594/IEDA/100103,https://csdms.colorado.edu/wiki/Model:Compact,0.72,0.0,0.0,0.5,0.8,0.6,0.7,0.0,0.0,0.0,0.0,0.0,0.0,1.0,1.0,0.0,True,False,True,False,False,True,False,False,False,False,False,False,False,False,False,False,False,False,False,False,False,False,False,False,True,True,False
CryoGrid3,Cryosphere,https://github.com/CryoGrid/CryoGrid3,Through web repository,1,Matlab,,https://csdms.colorado.edu/wiki/Model:CryoGrid3,0.72,0.0,0.0,0.2,0.8,0.6,0.7,0.0,0.0,0.0,0.0,0.0,0.0,0.0,1.0,0.0,True,False,True,False,False,True,False,False,False,False,False,False,False,False,False,False,False,False,False,False,False,False,False,False,False,True,False
DFMFON,Coastal,https://github.com/smbeselly/DFMFON,Through web repository,1,Java,,https://csdms.colorado.edu/wiki/Model:DFMFON,0.72,0.0,0.0,0.5,0.8,0.6,0.7,0.0,0.0,0.0,0.0,0.0,0.0,1.0,1.0,0.0,True,False,True,False,False,True,False,False,False,False,False,False,False,False,False,False,False,False,False,False,False,False,False,False,True,True,False
DHSVM,Hydrology,https://github.com/pnnl/DHSVM-PNNL,Through web repository,1,C,,https://csdms.colorado.edu/wiki/Model:DHSVM,0.72,0.0,0.0,0.2,0.8,0.6,0.7,0.0,0.0,0.0,0.0,0.0,0.0,0.0,1.0,0.0,True,False,True,False,False,True,False,False,False,False,False,False,False,False,False,False,False,False,False,False,False,False,False,False,False,True,False
Dakotathon,Climate,https://github.com/csdms/dakota,Through web repository,1,Python,,https://csdms.colorado.edu/wiki/Model:Dakotathon,0.72,0.0,0.0,0.5,0.8,0.6,0.7,0.0,0.0,0.0,0.0,0.0,0.0,1.0,1.0,0.0,True,False,True,False,False,True,False,False,False,False,False,False,False,False,False,False,False,False,False,False,False,False,False,False,True,True,False
DbSEABED Data Component,Carbonates and Biogenics,https://github.com/gantian127/bmi_dbseabed,Through web repository,1,Python,,https://csdms.colorado.edu/wiki/Model:DbSEABED_Data_Component,0.72,0.0,0.0,0.5,0.8,0.6,0.7,0.0,0.0,0.0,0.0,0.0,0.0,1.0,1.0,0.0,True,False,True,False,False,True,False,False,False,False,False,False,False,False,False,False,False,False,False,False,False,False,False,False,True,True,False
Demeter,Terrestrial,https://github.com/JGCRI/demeter,Through web repository,1,Python,10.5281/zenodo.3234948,https://csdms.colorado.edu/wiki/Model:Demeter,0.72,0.0,0.0,0.5,0.8,0.6,0.7,0.0,0.0,0.0,0.0,0.0,0.0,1.0,1.0,0.0,True,False,True,False,False,True,False,False,False,False,False,False,False,False,False,False,False,False,False,False,False,False,False,False,True,True,False
DepressionFinderAndRouter,Hydrology,https://github.com/landlab/landlab/tree/master/landlab/components/overland_flow,Through web repository,1,Python,,https://csdms.colorado.edu/wiki/Model:DepressionFinderAndRouter,,,,,,,,,,,,,,,,,,,,,,,,,,,,,,,,,,,,,,,,,,,
DepthDependentDiffuser,Terrestrial,https://github.com/landlab/landlab/tree/master/landlab/components/depth_dependent_diffusion,Through web repository,1,Python,,https://csdms.colorado.edu/wiki/Model:DepthDependentDiffuser,,,,,,,,,,,,,,,,,,,,,,,,,,,,,,,,,,,,,,,,,,,
DepthDependentTaylorDiffuser,Terrestrial,https://github.com/landlab/landlab/tree/master/landlab,Through web repository,1,Python,,https://csdms.colorado.edu/wiki/Model:DepthDependentTaylorDiffuser,,,,,,,,,,,,,,,,,,,,,,,,,,,,,,,,,,,,,,,,,,,
DetachmentLtdErosion,Terrestrial,https://github.com/landlab/landlab/tree/master/landlab,Through web repository,1,Python,,https://csdms.colorado.edu/wiki/Model:DetachmentLtdErosion,,,,,,,,,,,,,,,,,,,,,,,,,,,,,,,,,,,,,,,,,,,
Diffusion,Marine,https://github.com/mcflugen/sedflux,Through web repository,1,C,10.1594/IEDA/100111,https://csdms.colorado.edu/wiki/Model:Diffusion,0.72,0.0,0.0,0.5,0.8,0.6,0.7,0.0,0.0,0.0,0.0,0.0,0.0,1.0,1.0,0.0,True,False,True,False,False,True,False,False,False,False,False,False,False,False,False,False,False,False,False,False,False,False,False,False,True,True,False
Dorado,Hydrology,https://github.com/passaH2O/dorado,Through web repository,0,Python,,https://csdms.colorado.edu/wiki/Model:Dorado,0.72,0.0,0.0,0.5,0.8,0.6,0.7,0.0,0.0,0.0,0.0,0.0,0.0,1.0,1.0,0.0,True,False,True,False,False,True,False,False,False,False,False,False,False,False,False,False,False,False,False,False,False,False,False,False,True,True,False
Drainage Density,Terrestrial,https://github.com/landlab/landlab/tree/master/landlab/components/drainage_density,Through web repository,1,Python,,https://csdms.colorado.edu/wiki/Model:Drainage_Density,,,,,,,,,,,,,,,,,,,,,,,,,,,,,,,,,,,,,,,,,,,
DynEarthSol3D,Geodynamic,https://github.com/tan2/DynEarthSol,Through web repository,1,C++,,https://csdms.colorado.edu/wiki/Model:DynEarthSol3D,0.72,0.0,0.0,0.5,0.8,0.6,0.7,0.0,0.0,0.0,0.0,0.0,0.0,1.0,1.0,0.0,True,False,True,False,False,True,False,False,False,False,False,False,False,False,False,False,False,False,False,False,False,False,False,False,True,True,False
DynQual,Hydrology,https://github.com/UU-Hydro/DYNQUAL,Through web repository,1,Python,10.5281/zenodo.7932317,https://csdms.colorado.edu/wiki/Model:DynQual,,,,,,,,,,,,,,,,,,,,,,,,,,,,,,,,,,,,,,,,,,,
ECSimpleSnow,Climate,https://github.com/permamodel/Snow_BMI_Fortran,Through web repository,1,Fortran90,,https://csdms.colorado.edu/wiki/Model:ECSimpleSnow,0.72,0.0,0.0,0.5,0.8,0.6,0.7,0.0,0.0,0.0,0.0,0.0,0.0,1.0,1.0,0.0,True,False,True,False,False,True,False,False,False,False,False,False,False,False,False,False,False,False,False,False,False,False,False,False,True,True,False
EF5,Hydrology,https://github.com/HyDROSLab/EF5,Through web repository,1,C++,,https://csdms.colorado.edu/wiki/Model:EF5,,,,,,,,,,,,,,,,,,,,,,,,,,,,,,,,,,,,,,,,,,,
ESCAPE,Climate,https://github.com/Geodels/eSCAPE,Through web repository,0,Fortran90,10.5281/zenodo.1419844,https://csdms.colorado.edu/wiki/Model:ESCAPE,,,,,,,,,,,,,,,,,,,,,,,,,,,,,,,,,,,,,,,,,,,
Equilibrium Calculator,Hydrology,https://github.com/vipenrica/Channel-geometry,Through web repository,1,,,https://csdms.colorado.edu/wiki/Model:Equilibrium_Calculator,0.72,0.0,0.0,0.5,0.8,0.6,0.7,0.0,0.0,0.0,0.0,0.0,0.0,1.0,1.0,0.0,True,False,True,False,False,True,False,False,False,False,False,False,False,False,False,False,False,False,False,False,False,False,False,False,True,True,False
ErosionDeposition,Terrestrial,https://github.com/landlab/landlab/tree/master/landlab/components/erosion_deposition,Through web repository,1,Python,,https://csdms.colorado.edu/wiki/Model:ErosionDeposition,,,,,,,,,,,,,,,,,,,,,,,,,,,,,,,,,,,,,,,,,,,
EstuarineMorphologyEstimator,Coastal,https://github.com/JasperLeuven/EstuarineMorphologyEstimator/,Through web repository,1,Python,,https://csdms.colorado.edu/wiki/Model:EstuarineMorphologyEstimator,,,,,,,,,,,,,,,,,,,,,,,,,,,,,,,,,,,,,,,,,,,
ExponentialWeatherer,Terrestrial,https://github.com/landlab/landlab/tree/master/landlab,Through web repository,1,Python,,https://csdms.colorado.edu/wiki/Model:ExponentialWeatherer,,,,,,,,,,,,,,,,,,,,,,,,,,,,,,,,,,,,,,,,,,,
FVCOM,Coastal,https://github.com/FVCOM-GitHub/fvcom,Through web repository,1,Fortran90,,https://csdms.colorado.edu/wiki/Model:FVCOM,0.72,0.0,0.0,0.5,0.8,0.6,0.7,0.0,0.0,0.0,0.0,0.0,0.0,1.0,1.0,0.0,True,False,True,False,False,True,False,False,False,False,False,False,False,False,False,False,False,False,False,False,False,False,False,False,True,True,False
FastscapeEroder,Terrestrial,https://github.com/landlab/landlab/tree/master/landlab,Through web repository,1,Python,,https://csdms.colorado.edu/wiki/Model:FastscapeEroder,,,,,,,,,,,,,,,,,,,,,,,,,,,,,,,,,,,,,,,,,,,
FireGenerator,Climate,https://github.com/landlab/landlab/tree/master/landlab,Through web repository,1,Python,,https://csdms.colorado.edu/wiki/Model:FireGenerator,,,,,,,,,,,,,,,,,,,,,,,,,,,,,,,,,,,,,,,,,,,
Flexure,Geodynamic,https://github.com/landlab/landlab/tree/master/landlab,Through web repository,1,Python,,https://csdms.colorado.edu/wiki/Model:Flexure,,,,,,,,,,,,,,,,,,,,,,,,,,,,,,,,,,,,,,,,,,,
FlowAccumulator,Hydrology,https://github.com/landlab/landlab/tree/master/landlab,Through web repository,1,Python,,https://csdms.colorado.edu/wiki/Model:FlowAccumulator,,,,,,,,,,,,,,,,,,,,,,,,,,,,,,,,,,,,,,,,,,,
FlowDirectorD8,Hydrology,https://github.com/landlab/landlab/tree/master/landlab,Through web repository,1,Python,,https://csdms.colorado.edu/wiki/Model:FlowDirectorD8,,,,,,,,,,,,,,,,,,,,,,,,,,,,,,,,,,,,,,,,,,,
FlowDirectorDinf,Hydrology,https://github.com/landlab/landlab/tree/master/landlab,Through web repository,1,Python,,https://csdms.colorado.edu/wiki/Model:FlowDirectorDinf,,,,,,,,,,,,,,,,,,,,,,,,,,,,,,,,,,,,,,,,,,,
FlowDirectorMFD,Hydrology,https://github.com/landlab/landlab/tree/master/landlab,Through web repository,1,Python,,https://csdms.colorado.edu/wiki/Model:FlowDirectorMFD,,,,,,,,,,,,,,,,,,,,,,,,,,,,,,,,,,,,,,,,,,,
FlowDirectorSteepest,Hydrology,https://github.com/landlab/landlab/tree/master/landlab,Through web repository,1,Python,,https://csdms.colorado.edu/wiki/Model:FlowDirectorSteepest,,,,,,,,,,,,,,,,,,,,,,,,,,,,,,,,,,,,,,,,,,,
FractureGridGenerator,Geodynamic,https://github.com/landlab/landlab/tree/master/landlab,Through web repository,1,Python,,https://csdms.colorado.edu/wiki/Model:FractureGridGenerator,,,,,,,,,,,,,,,,,,,,,,,,,,,,,,,,,,,,,,,,,,,
Frost Model,Cryosphere,https://github.com/permamodel,Through web repository,1,Python,,https://csdms.colorado.edu/wiki/Model:Frost_Model,,,,,,,,,,,,,,,,,,,,,,,,,,,,,,,,,,,,,,,,,,,
GEOtop,Hydrology,http://geotopmodel.github.io/geotop/,Through web repository,1,C,,https://csdms.colorado.edu/wiki/Model:GEOtop,,,,,,,,,,,,,,,,,,,,,,,,,,,,,,,,,,,,,,,,,,,
GFlex,Geodynamic,https://github.com/awickert/gFlex,Through CSDMS repository,1,Python,10.1594/IEDA/100123,https://csdms.colorado.edu/wiki/Model:GFlex,0.72,0.0,0.0,0.5,0.8,0.6,0.7,0.0,0.0,0.0,0.0,0.0,0.0,1.0,1.0,0.0,True,False,True,False,False,True,False,False,False,False,False,False,False,False,False,False,False,False,False,False,False,False,False,False,True,True,False
GIPL,Cryosphere,https://github.com/Elchin/GIPL,Through web repository,1,Fortran90,10.1594/IEDA/100131,https://csdms.colorado.edu/wiki/Model:GIPL,0.72,0.0,0.0,0.5,0.8,0.6,0.7,0.0,0.0,0.0,0.0,0.0,0.0,1.0,1.0,0.0,True,False,True,False,False,True,False,False,False,False,False,False,False,False,False,False,False,False,False,False,False,False,False,False,True,True,False
GRLP,Terrestrial,https://github.com/awickert/GRLP,Through web repository,1,Python,10.5281/zenodo.1705386,https://csdms.colorado.edu/wiki/Model:GRLP,0.72,0.0,0.0,0.5,0.8,0.6,0.7,0.0,0.0,0.0,0.0,0.0,0.0,1.0,1.0,0.0,True,False,True,False,False,True,False,False,False,False,False,False,False,False,False,False,False,False,False,False,False,False,False,False,True,True,False
GSFLOW-GRASS,Hydrology,https://github.com/UMN-Hydro/GSFLOW-GRASS,Through CSDMS repository,1,Python,10.5281/zenodo.1487716,https://csdms.colorado.edu/wiki/Model:GSFLOW-GRASS,,,,,,,,,,,,,,,,,,,,,,,,,,,,,,,,,,,,,,,,,,,
GeoFlood,Hydrology,https://github.com/KYANJO/GeoFlood,Through web repository,1,C,,https://csdms.colorado.edu/wiki/Model:GeoFlood,0.72,0.0,0.0,0.5,0.8,0.6,0.7,0.0,0.0,0.0,0.0,0.0,0.0,1.0,1.0,0.0,True,False,True,False,False,True,False,False,False,False,False,False,False,False,False,False,False,False,False,False,False,False,False,False,True,True,False
GeoTiff Data Component,Carbonates and Biogenics,https://github.com/csdms/bmi-geotiff,Through web repository,1,Python,10.5281/zenodo.4721474,https://csdms.colorado.edu/wiki/Model:GeoTiff_Data_Component,0.72,0.0,0.0,0.5,0.8,0.6,0.7,0.0,0.0,0.0,0.0,0.0,0.0,1.0,1.0,0.0,True,False,True,False,False,True,False,False,False,False,False,False,False,False,False,False,False,False,False,False,False,False,False,False,True,True,False
Gospl,Climate,https://github.com/Geodels/gospl,Through web repository,0,Fortran90,,https://csdms.colorado.edu/wiki/Model:Gospl,0.72,0.0,0.0,0.5,0.8,0.6,0.7,0.0,0.0,0.0,0.0,0.0,0.0,1.0,1.0,0.0,True,False,True,False,False,True,False,False,False,False,False,False,False,False,False,False,False,False,False,False,False,False,False,False,True,True,False
GrainHill,Terrestrial,https://github.com/gregtucker/grain_hills,Through CSDMS repository,1,Python,10.5281/zenodo.1306961,https://csdms.colorado.edu/wiki/Model:GrainHill,0.72,0.0,0.0,0.2,0.8,0.6,0.7,0.0,0.0,0.0,0.0,0.0,0.0,0.0,1.0,0.0,True,False,True,False,False,True,False,False,False,False,False,False,False,False,False,False,False,False,False,False,False,False,False,False,False,True,False
GridMET Data Component,Climate,"https://github.com/nhm-usgs/gridmet_bmi
https://github.com/pymt-lab/pymt_gridmet/",Through web repository,1,Python,,https://csdms.colorado.edu/wiki/Model:GridMET_Data_Component,,,,,,,,,,,,,,,,,,,,,,,,,,,,,,,,,,,,,,,,,,,
GroundwaterDupuitPercolator,Hydrology,https://github.com/landlab/landlab,Through web repository,1,Python,,https://csdms.colorado.edu/wiki/Model:GroundwaterDupuitPercolator,,,,,,,,,,,,,,,,,,,,,,,,,,,,,,,,,,,,,,,,,,,
HBV,Hydrology,https://github.com/johnrobertcraven/hbv_hydromodel,Through web repository,1,Python,,https://csdms.colorado.edu/wiki/Model:HBV,0.72,0.0,0.0,0.5,0.8,0.6,0.7,0.0,0.0,0.0,0.0,0.0,0.0,1.0,1.0,0.0,True,False,True,False,False,True,False,False,False,False,False,False,False,False,False,False,False,False,False,False,False,False,False,False,True,True,False
HackCalculator,Hydrology,https://github.com/landlab/landlab/tree/master/landlab,Through web repository,1,Python,,https://csdms.colorado.edu/wiki/Model:HackCalculator,,,,,,,,,,,,,,,,,,,,,,,,,,,,,,,,,,,,,,,,,,,
HexWatershed,Coastal,https://github.com/changliao1025/pyhexwatershed,Through web repository,1,C++,,https://csdms.colorado.edu/wiki/Model:HexWatershed,0.72,0.0,0.0,0.5,0.8,0.6,0.7,0.0,0.0,0.0,0.0,0.0,0.0,1.0,1.0,0.0,True,False,True,False,False,True,False,False,False,False,False,False,False,False,False,False,False,False,False,False,False,False,False,False,True,True,False
Hogback,Terrestrial,https://github.com/Glader011235/Hogback/,Through web repository,1,Matlab,,https://csdms.colorado.edu/wiki/Model:Hogback,,,,,,,,,,,,,,,,,,,,,,,,,,,,,,,,,,,,,,,,,,,
HydroCNHS,Hydrology,https://github.com/philip928lin/HydroCNHS,Through web repository,1,Python,,https://csdms.colorado.edu/wiki/Model:HydroCNHS,0.72,0.0,0.0,0.5,0.8,0.6,0.7,0.0,0.0,0.0,0.0,0.0,0.0,1.0,1.0,0.0,True,False,True,False,False,True,False,False,False,False,False,False,False,False,False,False,False,False,False,False,False,False,False,False,True,True,False
HydroRaVENS,Hydrology,https://github.com/MNiMORPH/hydroRaVENS/,Through web repository,1,Python,10.5281/zenodo.6787391,https://csdms.colorado.edu/wiki/Model:HydroRaVENS,,,,,,,,,,,,,,,,,,,,,,,,,,,,,,,,,,,,,,,,,,,
HydroTrend,Hydrology,https://github.com/kettner/hydrotrend,Through web repository,1,C,10.1594/IEDA/100135,https://csdms.colorado.edu/wiki/Model:HydroTrend,,,,,,,,,,,,,,,,,,,,,,,,,,,,,,,,,,,,,,,,,,,
Hydromad,Hydrology,https://github.com/josephguillaume/hydromad,Through web repository,1,,,https://csdms.colorado.edu/wiki/Model:Hydromad,,,,,,,,,,,,,,,,,,,,,,,,,,,,,,,,,,,,,,,,,,,
IHydroSlide3D,Hydrology,https://github.com/GuodingChen/iHydroSlide3D_v1.0,Through web repository,1,Matlab,10.5281/zenodo.4577536,https://csdms.colorado.edu/wiki/Model:IHydroSlide3D,0.72,0.0,0.0,0.5,0.8,0.6,0.7,0.0,0.0,0.0,0.0,0.0,0.0,1.0,1.0,0.0,True,False,True,False,False,True,False,False,False,False,False,False,False,False,False,False,False,False,False,False,False,False,False,False,True,True,False
ILAMB,Climate,https://github.com/rubisco-sfa/ILAMB,Through web repository,1,Python,International land Model Benchmarking (ILAMB) Package,https://csdms.colorado.edu/wiki/Model:ILAMB,0.72,0.0,0.0,0.5,0.8,0.6,0.7,0.0,0.0,0.0,0.0,0.0,0.0,1.0,1.0,0.0,True,False,True,False,False,True,False,False,False,False,False,False,False,False,False,False,False,False,False,False,False,False,False,False,True,True,False
IceFlow,Cryosphere,https://github.com/awickert/IceFlow/archive/master.zip,Through web repository,1,Python,,https://csdms.colorado.edu/wiki/Model:IceFlow,,,,,,,,,,,,,,,,,,,,,,,,,,,,,,,,,,,,,,,,,,,
Icepack,Cryosphere,https://github.com/icepack/icepack,Through web repository,1,Python,,https://csdms.colorado.edu/wiki/Model:Icepack,0.72,0.0,0.0,0.5,0.8,0.6,0.7,0.0,0.0,0.0,0.0,0.0,0.0,1.0,1.0,0.0,True,False,True,False,False,True,False,False,False,False,False,False,False,False,False,False,False,False,False,False,False,False,False,False,True,True,False
IncrementalDebrisFlowVolumeAnalyzer,Hydrology,https://github.com/laurenguido/IncrementalDerisFlowVolumeAnalyzer,Through web repository,1,Python,,https://csdms.colorado.edu/wiki/Model:IncrementalDebrisFlowVolumeAnalyzer,0.72,0.0,0.0,0.5,0.8,0.6,0.7,0.0,0.0,0.0,0.0,0.0,0.0,1.0,1.0,0.0,True,False,True,False,False,True,False,False,False,False,False,False,False,False,False,False,False,False,False,False,False,False,False,False,True,True,False
Inflow,Coastal,https://github.com/mcflugen/sedflux,Through web repository,1,,10.1594/IEDA/100139,https://csdms.colorado.edu/wiki/Model:Inflow,0.72,0.0,0.0,0.5,0.8,0.6,0.7,0.0,0.0,0.0,0.0,0.0,0.0,1.0,1.0,0.0,True,False,True,False,False,True,False,False,False,False,False,False,False,False,False,False,False,False,False,False,False,False,False,False,True,True,False
Instructed Glacier Model,Cryosphere,https://github.com/jouvetg/igm,Through web repository,1,Python,,https://csdms.colorado.edu/wiki/Model:Instructed_Glacier_Model,0.72,0.0,0.0,0.5,0.8,0.6,0.7,0.0,0.0,0.0,0.0,0.0,0.0,1.0,1.0,0.0,True,False,True,False,False,True,False,False,False,False,False,False,False,False,False,False,False,False,False,False,False,False,False,False,True,True,False
KnickZone-Picker,Hydrology,https://github.com/UP-RS-ESP/DEM-KZP,Through web repository,1,Matlab,,https://csdms.colorado.edu/wiki/Model:KnickZone-Picker,0.72,0.0,0.0,0.5,0.8,0.6,0.7,0.0,0.0,0.0,0.0,0.0,0.0,1.0,1.0,0.0,True,False,True,False,False,True,False,False,False,False,False,False,False,False,False,False,False,False,False,False,False,False,False,False,True,True,False
Kudryavtsev Model,Cryosphere,https://github.com/permamodel,Through web repository,1,Python,,https://csdms.colorado.edu/wiki/Model:Kudryavtsev_Model,,,,,,,,,,,,,,,,,,,,,,,,,,,,,,,,,,,,,,,,,,,
LEMming2,Terrestrial,https://github.com/ddoubleprime/LEMming2,Through web repository,1,C,,https://csdms.colorado.edu/wiki/Model:LEMming2,0.72,0.0,0.0,0.5,0.8,0.6,0.7,0.0,0.0,0.0,0.0,0.0,0.0,1.0,1.0,0.0,True,False,True,False,False,True,False,False,False,False,False,False,False,False,False,False,False,False,False,False,False,False,False,False,True,True,False
LISFLOOD,Hydrology,https://github.com/ec-jrc/lisflood-code,Through web repository,1,Python,,https://csdms.colorado.edu/wiki/Model:LISFLOOD,0.72,0.0,0.0,0.5,0.8,0.6,0.7,0.0,0.0,0.0,0.0,0.0,0.0,1.0,1.0,0.0,True,False,True,False,False,True,False,False,False,False,False,False,False,False,False,False,False,False,False,False,False,False,False,False,True,True,False
LakeMapperBarnes,Hydrology,https://github.com/landlab/landlab/tree/master/landlab,Through web repository,1,Python,,https://csdms.colorado.edu/wiki/Model:LakeMapperBarnes,,,,,,,,,,,,,,,,,,,,,,,,,,,,,,,,,,,,,,,,,,,
Landlab,Coastal,https://github.com/landlab/landlab/,Through web repository,0,Python,,https://csdms.colorado.edu/wiki/Model:Landlab,,,,,,,,,,,,,,,,,,,,,,,,,,,,,,,,,,,,,,,,,,,
Landslides,Human dimensions,https://github.com/landlab/landlab/tree/master/landlab,Through web repository,1,Python,,https://csdms.colorado.edu/wiki/Model:Landslides,,,,,,,,,,,,,,,,,,,,,,,,,,,,,,,,,,,,,,,,,,,
LateralEroder,Terrestrial,https://github.com/landlab/landlab/tree/master/landlab,Through web repository,1,Python,,https://csdms.colorado.edu/wiki/Model:LateralEroder,,,,,,,,,,,,,,,,,,,,,,,,,,,,,,,,,,,,,,,,,,,
LinearDiffuser,Terrestrial,https://landlab.github.io,Through web repository,1,Python,,https://csdms.colorado.edu/wiki/Model:LinearDiffuser,,,,,,,,,,,,,,,,,,,,,,,,,,,,,,,,,,,,,,,,,,,
Lithology,Terrestrial,https://github.com/landlab/landlab/tree/master/landlab,Through web repository,0,Python,,https://csdms.colorado.edu/wiki/Model:Lithology,,,,,,,,,,,,,,,,,,,,,,,,,,,,,,,,,,,,,,,,,,,
LossyFlowAccumulator,Hydrology,https://github.com/landlab/landlab/tree/master/landlab,Through web repository,1,Python,,https://csdms.colorado.edu/wiki/Model:LossyFlowAccumulator,,,,,,,,,,,,,,,,,,,,,,,,,,,,,,,,,,,,,,,,,,,
LuSS,Terrestrial,https://github.com/nathandbrown/LuSS,Through CSDMS repository,1,Matlab,,https://csdms.colorado.edu/wiki/Model:LuSS,0.72,0.0,0.0,0.5,0.8,0.6,0.7,0.0,0.0,0.0,0.0,0.0,0.0,1.0,1.0,0.0,True,False,True,False,False,True,False,False,False,False,False,False,False,False,False,False,False,False,False,False,False,False,False,False,True,True,False
MOM6,Marine,https://github.com/NOAA-GFDL/MOM6,Through web repository,0,Fortran90,,https://csdms.colorado.edu/wiki/Model:MOM6,0.72,0.0,0.0,0.5,0.8,0.6,0.7,0.0,0.0,0.0,0.0,0.0,0.0,1.0,1.0,0.0,True,False,True,False,False,True,False,False,False,False,False,False,False,False,False,False,False,False,False,False,False,False,False,False,True,True,False
Meander Centerline Migration Model,Hydrology,https://github.com/FluidMechanicsUNIPD/Meander_Floodplain_Heterogeneity,Through web repository,1,Fortran90,10.5281/zenodo.821601,https://csdms.colorado.edu/wiki/Model:Meander_Centerline_Migration_Model,0.72,0.0,0.0,0.5,0.8,0.6,0.7,0.0,0.0,0.0,0.0,0.0,0.0,1.0,1.0,0.0,True,False,True,False,False,True,False,False,False,False,False,False,False,False,False,False,False,False,False,False,False,False,False,False,True,True,False
Meanderpy,Terrestrial,https://github.com/zsylvester/meanderpy,Through web repository,1,Python,,https://csdms.colorado.edu/wiki/Model:Meanderpy,0.72,0.0,0.0,0.5,0.8,0.6,0.7,0.0,0.0,0.0,0.0,0.0,0.0,1.0,1.0,0.0,True,False,True,False,False,True,False,False,False,False,False,False,False,False,False,False,False,False,False,False,False,False,False,False,True,True,False
Mocsy,Marine,https://github.com/jamesorr/mocsy,Through web repository,1,,,https://csdms.colorado.edu/wiki/Model:Mocsy,0.72,0.0,0.0,0.5,0.8,0.6,0.7,0.0,0.0,0.0,0.0,0.0,0.0,1.0,1.0,0.0,True,False,True,False,False,True,False,False,False,False,False,False,False,False,False,False,False,False,False,False,False,False,False,False,True,True,False
Mosartwmpy,Hydrology,https://github.com/IMMM-SFA/mosartwmpy,Through web repository,0,Python,,https://csdms.colorado.edu/wiki/Model:Mosartwmpy,0.72,0.0,0.0,0.5,0.8,0.6,0.7,0.0,0.0,0.0,0.0,0.0,0.0,1.0,1.0,0.0,True,False,True,False,False,True,False,False,False,False,False,False,False,False,False,False,False,False,False,False,False,False,False,False,True,True,False
NEXRAD-extract,Climate,https://github.com/awickert/nexrad-extract,Through CSDMS repository,1,Python,10.1594/IEDA/100150,https://csdms.colorado.edu/wiki/Model:NEXRAD-extract,,,,,,,,,,,,,,,,,,,,,,,,,,,,,,,,,,,,,,,,,,,
NWIS Data Component,Climate,https://github.com/gantian127/bmi_nwis,Through web repository,1,Python,,https://csdms.colorado.edu/wiki/Model:NWIS_Data_Component,0.72,0.0,0.0,0.5,0.8,0.6,0.7,0.0,0.0,0.0,0.0,0.0,0.0,1.0,1.0,0.0,True,False,True,False,False,True,False,False,False,False,False,False,False,False,False,False,False,False,False,False,False,False,False,False,True,True,False
NWM Data Component,Climate,https://github.com/gantian127/nwm,Through web repository,1,Python,,https://csdms.colorado.edu/wiki/Model:NWM_Data_Component,0.72,0.0,0.0,0.5,0.8,0.6,0.7,0.0,0.0,0.0,0.0,0.0,0.0,1.0,1.0,0.0,True,False,True,False,False,True,False,False,False,False,False,False,False,False,False,False,False,False,False,False,False,False,False,False,True,True,False
NormalFault,Geodynamic,https://github.com/landlab/landlab/tree/master/landlab,Through web repository,1,Python,,https://csdms.colorado.edu/wiki/Model:NormalFault,,,,,,,,,,,,,,,,,,,,,,,,,,,,,,,,,,,,,,,,,,,
OGGM,Cryosphere,https://github.com/OGGM/oggm,Through web repository,1,Python,,https://csdms.colorado.edu/wiki/Model:OGGM,,,,,,,,,,,,,,,,,,,,,,,,,,,,,,,,,,,,,,,,,,,
OTTAR,Hydrology,https://github.com/MNiMORPH/OTTAR,Through web repository,1,Python,,https://csdms.colorado.edu/wiki/Model:OTTAR,0.72,0.0,0.0,0.5,0.8,0.6,0.7,0.0,0.0,0.0,0.0,0.0,0.0,1.0,1.0,0.0,True,False,True,False,False,True,False,False,False,False,False,False,False,False,False,False,False,False,False,False,False,False,False,False,True,True,False
Oceananigans.jl,Marine,https://github.com/CliMA/Oceananigans.jl,Through web repository,0,,,https://csdms.colorado.edu/wiki/Model:Oceananigans.jl,,,,,,,,,,,,,,,,,,,,,,,,,,,,,,,,,,,,,,,,,,,
OlaFlow,Coastal,https://github.com/phicau/olaFlow,Through web repository,1,C++,10.5281/zenodo.1297012,https://csdms.colorado.edu/wiki/Model:OlaFlow,0.72,0.0,0.0,0.2,0.8,0.6,0.7,0.0,0.0,0.0,0.0,0.0,0.0,0.0,1.0,0.0,True,False,True,False,False,True,False,False,False,False,False,False,False,False,False,False,False,False,False,False,False,False,False,False,False,True,False
OpenAMUNDSEN,Cryosphere,https://github.com/openamundsen/openamundsen,Through web repository,1,Python,,https://csdms.colorado.edu/wiki/Model:OpenAMUNDSEN,0.72,0.0,0.0,0.5,0.8,0.6,0.7,0.0,0.0,0.0,0.0,0.0,0.0,1.0,1.0,0.0,True,False,True,False,False,True,False,False,False,False,False,False,False,False,False,False,False,False,False,False,False,False,False,False,True,True,False
OverlandFlow,Hydrology,https://github.com/landlab/landlab/tree/master/landlab/components/overland_flow,Through web repository,1,Python,,https://csdms.colorado.edu/wiki/Model:OverlandFlow,,,,,,,,,,,,,,,,,,,,,,,,,,,,,,,,,,,,,,,,,,,
OverlandFlowBates,Hydrology,https://github.com/landlab/landlab/tree/master/landlab,Through web repository,1,Python,,https://csdms.colorado.edu/wiki/Model:OverlandFlowBates,,,,,,,,,,,,,,,,,,,,,,,,,,,,,,,,,,,,,,,,,,,
PCR-GLOBWB,Hydrology,https://github.com/UU-Hydro/PCR-GLOBWB_model,Through web repository,1,Python,10.5281/zenodo.595656,https://csdms.colorado.edu/wiki/Model:PCR-GLOBWB,,,,,,,,,,,,,,,,,,,,,,,,,,,,,,,,,,,,,,,,,,,
PISM,Cryosphere,https://github.com/pism/pism,Through web repository,1,C++,,https://csdms.colorado.edu/wiki/Model:PISM,0.72,0.0,0.0,0.5,0.8,0.6,0.7,0.0,0.0,0.0,0.0,0.0,0.0,1.0,1.0,0.0,True,False,True,False,False,True,False,False,False,False,False,False,False,False,False,False,False,False,False,False,False,False,False,False,True,True,False
Permafrost Benchmark System,Climate,https://github.com/permamodel/pbs,Through web repository,1,Python,10.5281/zenodo.1410622,https://csdms.colorado.edu/wiki/Model:Permafrost_Benchmark_System,0.72,0.0,0.0,0.5,0.8,0.6,0.7,0.0,0.0,0.0,0.0,0.0,0.0,1.0,1.0,0.0,True,False,True,False,False,True,False,False,False,False,False,False,False,False,False,False,False,False,False,False,False,False,False,False,True,True,False
PerronNLDiffuse,Terrestrial,https://github.com/landlab/landlab/tree/master/landlab,Through web repository,1,Python,,https://csdms.colorado.edu/wiki/Model:PerronNLDiffuse,,,,,,,,,,,,,,,,,,,,,,,,,,,,,,,,,,,,,,,,,,,
Plume,Coastal,https://github.com/mcflugen/sedflux,Through web repository,1,C,10.1594/IEDA/100152,https://csdms.colorado.edu/wiki/Model:Plume,0.72,0.0,0.0,0.5,0.8,0.6,0.7,0.0,0.0,0.0,0.0,0.0,0.0,1.0,1.0,0.0,True,False,True,False,False,True,False,False,False,False,False,False,False,False,False,False,False,False,False,False,False,False,False,False,True,True,False
PotentialEvapotranspiration,Climate,https://github.com/landlab/landlab/tree/master/landlab,Through web repository,1,Python,,https://csdms.colorado.edu/wiki/Model:PotentialEvapotranspiration,,,,,,,,,,,,,,,,,,,,,,,,,,,,,,,,,,,,,,,,,,,
PotentialityFlowRouter,Hydrology,https://github.com/landlab/landlab/tree/master/landlab,Through web repository,1,Python,,https://csdms.colorado.edu/wiki/Model:PotentialityFlowRouter,,,,,,,,,,,,,,,,,,,,,,,,,,,,,,,,,,,,,,,,,,,
PrecipitationDistribution,Climate,https://github.com/landlab/landlab/tree/master/landlab,Through web repository,1,Python,,https://csdms.colorado.edu/wiki/Model:PrecipitationDistribution,,,,,,,,,,,,,,,,,,,,,,,,,,,,,,,,,,,,,,,,,,,
PyDeCe,Terrestrial,https://github.com/iganache/PyDeCe,Through web repository,1,Python,,https://csdms.colorado.edu/wiki/Model:PyDeCe,0.72,0.0,0.0,0.5,0.8,0.6,0.7,0.0,0.0,0.0,0.0,0.0,0.0,1.0,1.0,0.0,True,False,True,False,False,True,False,False,False,False,False,False,False,False,False,False,False,False,False,False,False,False,False,False,True,True,False
PyDeltaRCM,Coastal,https://github.com/mperignon/pyDeltaRCM_WMT,Through web repository,1,Python,,https://csdms.colorado.edu/wiki/Model:PyDeltaRCM,0.72,0.0,0.0,0.5,0.8,0.6,0.7,0.0,0.0,0.0,0.0,0.0,0.0,1.0,1.0,0.0,True,False,True,False,False,True,False,False,False,False,False,False,False,False,False,False,False,False,False,False,False,False,False,False,True,True,False
PyRiverBed,Hydrology,https://github.com/ZhiLiHydro/pyRiverBed,Through web repository,1,Python,,https://csdms.colorado.edu/wiki/Model:PyRiverBed,0.72,0.0,0.0,0.5,0.8,0.6,0.7,0.0,0.0,0.0,0.0,0.0,0.0,1.0,1.0,0.0,True,False,True,False,False,True,False,False,False,False,False,False,False,False,False,False,False,False,False,False,False,False,False,False,True,True,False
PySBeLT,Hydrology,https://github.com/szwiep/py_SBeLT,Through web repository,0,Python,,https://csdms.colorado.edu/wiki/Model:PySBeLT,0.72,0.0,0.0,0.5,0.8,0.6,0.7,0.0,0.0,0.0,0.0,0.0,0.0,1.0,1.0,0.0,True,False,True,False,False,True,False,False,False,False,False,False,False,False,False,False,False,False,False,False,False,False,False,False,True,True,False
RAFEM,Terrestrial,https://github.com/katmratliff/avulsion-bmi,Through web repository,1,Python,,https://csdms.colorado.edu/wiki/Model:RAFEM,0.72,0.0,0.0,0.5,0.8,0.6,0.7,0.0,0.0,0.0,0.0,0.0,0.0,1.0,1.0,0.0,True,False,True,False,False,True,False,False,False,False,False,False,False,False,False,False,False,False,False,False,False,False,False,False,True,True,False
ROMS Data Component,Coastal,https://github.com/gantian127/pymt_roms,Through web repository,1,Python,,https://csdms.colorado.edu/wiki/Model:ROMS_Data_Component,0.72,0.0,0.0,0.5,0.8,0.6,0.7,0.0,0.0,0.0,0.0,0.0,0.0,1.0,1.0,0.0,True,False,True,False,False,True,False,False,False,False,False,False,False,False,False,False,False,False,False,False,False,False,False,False,True,True,False
Rabpro,Hydrology,https://github.com/VeinsOfTheEarth/rabpro,Through web repository,0,Python,,https://csdms.colorado.edu/wiki/Model:Rabpro,,,,,,,,,,,,,,,,,,,,,,,,,,,,,,,,,,,,,,,,,,,
Radiation,Climate,https://github.com/landlab/landlab/tree/master/landlab,Through web repository,1,Python,,https://csdms.colorado.edu/wiki/Model:Radiation,,,,,,,,,,,,,,,,,,,,,,,,,,,,,,,,,,,,,,,,,,,
Rescal-snow,Cryosphere,https://github.com/kellykochanski/rescal-snow,Through web repository,0,C,10.5281/zenodo.3517217,https://csdms.colorado.edu/wiki/Model:Rescal-snow,0.72,0.0,0.0,0.5,0.8,0.6,0.7,0.0,0.0,0.0,0.0,0.0,0.0,1.0,1.0,0.0,True,False,True,False,False,True,False,False,False,False,False,False,False,False,False,False,False,False,False,False,False,False,False,False,True,True,False
Reservoir,Hydrology,https://github.com/swd-turner/reservoir,Through web repository,1,,,https://csdms.colorado.edu/wiki/Model:Reservoir,,,,,,,,,,,,,,,,,,,,,,,,,,,,,,,,,,,,,,,,,,,
RivGraph,Coastal,https://github.com/VeinsOfTheEarth/RivGraph,Through web repository,0,Python,,https://csdms.colorado.edu/wiki/Model:RivGraph,0.72,0.0,0.0,0.5,0.8,0.6,0.7,0.0,0.0,0.0,0.0,0.0,0.0,1.0,1.0,0.0,True,False,True,False,False,True,False,False,False,False,False,False,False,False,False,False,False,False,False,False,False,False,False,False,True,True,False
River Erosion Model,Hydrology,https://github.com/rodlammers/REM,Through web repository,1,C++,,https://csdms.colorado.edu/wiki/Model:River_Erosion_Model,0.72,0.0,0.0,0.5,0.8,0.6,0.7,0.0,0.0,0.0,0.0,0.0,0.0,1.0,1.0,0.0,True,False,True,False,False,True,False,False,False,False,False,False,False,False,False,False,False,False,False,False,False,False,False,False,True,True,False
River Temperature Model,Hydrology,https://github.com/permamodel/River-temp-python,Through web repository,1,Matlab,,https://csdms.colorado.edu/wiki/Model:River_Temperature_Model,0.72,0.0,0.0,0.2,0.8,0.6,0.7,0.0,0.0,0.0,0.0,0.0,0.0,0.0,1.0,0.0,True,False,True,False,False,True,False,False,False,False,False,False,False,False,False,False,False,False,False,False,False,False,False,False,False,True,False
SLAMM 6.7,Climate,https://github.com/WarrenPinnacle/SLAMM6.7,Through web repository,1,,,https://csdms.colorado.edu/wiki/Model:SLAMM_6.7,0.72,0.0,0.0,0.2,0.8,0.6,0.7,0.0,0.0,0.0,0.0,0.0,0.0,0.0,1.0,0.0,True,False,True,False,False,True,False,False,False,False,False,False,False,False,False,False,False,False,False,False,False,False,False,False,False,True,False
SPACE,Terrestrial,https://github.com/landlab/landlab,Through web repository,1,Python,,https://csdms.colorado.edu/wiki/Model:SPACE,,,,,,,,,,,,,,,,,,,,,,,,,,,,,,,,,,,,,,,,,,,
Sakura,Coastal,https://github.com/mcflugen/sedflux,Through web repository,1,C,10.1594/IEDA/100158,https://csdms.colorado.edu/wiki/Model:Sakura,0.72,0.0,0.0,0.5,0.8,0.6,0.7,0.0,0.0,0.0,0.0,0.0,0.0,1.0,1.0,0.0,True,False,True,False,False,True,False,False,False,False,False,False,False,False,False,False,False,False,False,False,False,False,False,False,True,True,False
SedCas,Hydrology,https://github.com/jacobhirschberg/SedCas,Through web repository,1,Python,10.5281/zenodo.5974907,https://csdms.colorado.edu/wiki/Model:SedCas,0.72,0.0,0.0,0.5,0.8,0.6,0.7,0.0,0.0,0.0,0.0,0.0,0.0,1.0,1.0,0.0,True,False,True,False,False,True,False,False,False,False,False,False,False,False,False,False,False,False,False,False,False,False,False,False,True,True,False
SedDepEroder,Terrestrial,https://github.com/landlab/landlab/tree/master/landlab,Through web repository,1,Python,,https://csdms.colorado.edu/wiki/Model:SedDepEroder,,,,,,,,,,,,,,,,,,,,,,,,,,,,,,,,,,,,,,,,,,,
Sedflux,Coastal,https://github.com/mcflugen/sedflux,Through web repository,1,C,10.1594/IEDA/100161,https://csdms.colorado.edu/wiki/Model:Sedflux,0.72,0.0,0.0,0.5,0.8,0.6,0.7,0.0,0.0,0.0,0.0,0.0,0.0,1.0,1.0,0.0,True,False,True,False,False,True,False,False,False,False,False,False,False,False,False,False,False,False,False,False,False,False,False,False,True,True,False
SiStER,Geodynamic,https://github.com/jaolive/SiStER,Through web repository,1,Matlab,,https://csdms.colorado.edu/wiki/Model:SiStER,0.72,0.0,0.0,0.2,0.8,0.6,0.7,0.0,0.0,0.0,0.0,0.0,0.0,0.0,1.0,0.0,True,False,True,False,False,True,False,False,False,False,False,False,False,False,False,False,False,False,False,False,False,False,False,False,False,True,False
SinkFiller,Hydrology,https://github.com/landlab/landlab/tree/master/landlab,Through web repository,1,Python,,https://csdms.colorado.edu/wiki/Model:SinkFiller,,,,,,,,,,,,,,,,,,,,,,,,,,,,,,,,,,,,,,,,,,,
SoilGrids Data Component,Ecosystems,https://github.com/gantian127/soilgrids,Through web repository,1,Python,,https://csdms.colorado.edu/wiki/Model:SoilGrids_Data_Component,0.72,0.0,0.0,0.5,0.8,0.6,0.7,0.0,0.0,0.0,0.0,0.0,0.0,1.0,1.0,0.0,True,False,True,False,False,True,False,False,False,False,False,False,False,False,False,False,False,False,False,False,False,False,False,False,True,True,False
SoilInfiltrationGreenAmpt,Hydrology,https://github.com/landlab/landlab/blob/master/landlab/components/soil_moisture/infiltrate_soil_green_ampt.py,Through web repository,1,Python,,https://csdms.colorado.edu/wiki/Model:SoilInfiltrationGreenAmpt,,,,,,,,,,,,,,,,,,,,,,,,,,,,,,,,,,,,,,,,,,,
SoilMoisture,Hydrology,https://github.com/landlab/landlab/tree/master/landlab,Through web repository,1,Python,,https://csdms.colorado.edu/wiki/Model:SoilMoisture,,,,,,,,,,,,,,,,,,,,,,,,,,,,,,,,,,,,,,,,,,,
SpatialPrecipitationDistribution,Climate,https://github.com/landlab/landlab/tree/master/landlab,Through web repository,1,Python,,https://csdms.colorado.edu/wiki/Model:SpatialPrecipitationDistribution,,,,,,,,,,,,,,,,,,,,,,,,,,,,,,,,,,,,,,,,,,,
SpeciesEvolver,Ecosystems,https://github.com/landlab/landlab/tree/master/landlab,Through web repository,1,Python,,https://csdms.colorado.edu/wiki/Model:SpeciesEvolver,,,,,,,,,,,,,,,,,,,,,,,,,,,,,,,,,,,,,,,,,,,
SteepnessFinder,Terrestrial,https://github.com/landlab/landlab/tree/master/landlab,Through web repository,1,Python,,https://csdms.colorado.edu/wiki/Model:SteepnessFinder,,,,,,,,,,,,,,,,,,,,,,,,,,,,,,,,,,,,,,,,,,,
StreamPowerSmoothThresholdEroder,Terrestrial,https://github.com/landlab/landlab/tree/master/landlab,Through web repository,1,Python,,https://csdms.colorado.edu/wiki/Model:StreamPowerSmoothThresholdEroder,,,,,,,,,,,,,,,,,,,,,,,,,,,,,,,,,,,,,,,,,,,
StreamProfilerApp,Terrestrial,https://streamprofilerapp.github.io/,Through CSDMS repository,1,Python,,https://csdms.colorado.edu/wiki/Model:StreamProfilerApp,,,,,,,,,,,,,,,,,,,,,,,,,,,,,,,,,,,,,,,,,,,
Subside,Geodynamic,https://github.com/mcflugen/sedflux,Through web repository,1,C,10.1594/IEDA/100169,https://csdms.colorado.edu/wiki/Model:Subside,0.72,0.0,0.0,0.5,0.8,0.6,0.7,0.0,0.0,0.0,0.0,0.0,0.0,1.0,1.0,0.0,True,False,True,False,False,True,False,False,False,False,False,False,False,False,False,False,False,False,False,False,False,False,False,False,True,True,False
Sun fan-delta model,Coastal,https://github.com/alimaye/sun-fan-delta-model,Through web repository,1,Matlab,,https://csdms.colorado.edu/wiki/Model:Sun_fan-delta_model,0.72,0.0,0.0,0.5,0.8,0.6,0.7,0.0,0.0,0.0,0.0,0.0,0.0,1.0,1.0,0.0,True,False,True,False,False,True,False,False,False,False,False,False,False,False,False,False,False,False,False,False,False,False,False,False,True,True,False
TAo,Geodynamic,https://github.com/danigeos/tao-geo,Through web repository,1,C,,https://csdms.colorado.edu/wiki/Model:TAo,0.72,0.0,0.0,0.2,0.8,0.6,0.7,0.0,0.0,0.0,0.0,0.0,0.0,0.0,1.0,0.0,True,False,True,False,False,True,False,False,False,False,False,False,False,False,False,False,False,False,False,False,False,False,False,False,False,True,False
TIN-based Real-time Integrated Basin Simulator (tRIBS),Ecosystems,https://github.com/tribshms/tRIBS,Through web repository,0,C++,10.5281/zenodo.13324179,https://csdms.colorado.edu/wiki/Model:TIN-based_Real-time_Integrated_Basin_Simulator_(tRIBS),0.72,0.0,0.0,0.5,0.8,0.6,0.7,0.0,0.0,0.0,0.0,0.0,0.0,1.0,1.0,0.0,True,False,True,False,False,True,False,False,False,False,False,False,False,False,False,False,False,False,False,False,False,False,False,False,True,True,False
TaylorNonLinearDiffuser,Hydrology,https://github.com/landlab/landlab/tree/master/landlab,Through web repository,1,Python,,https://csdms.colorado.edu/wiki/Model:TaylorNonLinearDiffuser,,,,,,,,,,,,,,,,,,,,,,,,,,,,,,,,,,,,,,,,,,,
Terrainbento,Terrestrial,https://github.com/TerrainBento/terrainbento,Through web repository,1,Python,,https://csdms.colorado.edu/wiki/Model:Terrainbento,0.72,0.0,0.0,0.5,0.8,0.6,0.7,0.0,0.0,0.0,0.0,0.0,0.0,1.0,1.0,0.0,True,False,True,False,False,True,False,False,False,False,False,False,False,False,False,False,False,False,False,False,False,False,False,False,True,True,False
Terrapin,Terrestrial,https://github.com/awickert/terrapin,Through CSDMS repository,1,Python,,https://csdms.colorado.edu/wiki/Model:Terrapin,0.72,0.0,0.0,0.5,0.8,0.6,0.7,0.0,0.0,0.0,0.0,0.0,0.0,1.0,1.0,0.0,True,False,True,False,False,True,False,False,False,False,False,False,False,False,False,False,False,False,False,False,False,False,False,False,True,True,False
TopoFlow,Hydrology,https://github.com/peckhams/topoflow,Through web repository,1,Python,10.1594/IEDA/100174,https://csdms.colorado.edu/wiki/Model:TopoFlow,0.72,0.0,0.0,0.5,0.8,0.6,0.7,0.0,0.0,0.0,0.0,0.0,0.0,1.0,1.0,0.0,True,False,True,False,False,True,False,False,False,False,False,False,False,False,False,False,False,False,False,False,False,False,False,False,True,True,False
TopoFlow-Channels-Diffusive Wave,Hydrology,https://github.com/peckhams/topoflow,Through web repository,1,Python,,https://csdms.colorado.edu/wiki/Model:TopoFlow-Channels-Diffusive_Wave,0.72,0.0,0.0,0.5,0.8,0.6,0.7,0.0,0.0,0.0,0.0,0.0,0.0,1.0,1.0,0.0,True,False,True,False,False,True,False,False,False,False,False,False,False,False,False,False,False,False,False,False,False,False,False,False,True,True,False
TopoFlow-Channels-Dynamic Wave,Hydrology,https://github.com/peckhams/topoflow,Through web repository,1,Python,,https://csdms.colorado.edu/wiki/Model:TopoFlow-Channels-Dynamic_Wave,0.72,0.0,0.0,0.5,0.8,0.6,0.7,0.0,0.0,0.0,0.0,0.0,0.0,1.0,1.0,0.0,True,False,True,False,False,True,False,False,False,False,False,False,False,False,False,False,False,False,False,False,False,False,False,False,True,True,False
TopoFlow-Channels-Kinematic Wave,Hydrology,https://github.com/peckhams/topoflow,Through web repository,1,Python,,https://csdms.colorado.edu/wiki/Model:TopoFlow-Channels-Kinematic_Wave,0.72,0.0,0.0,0.5,0.8,0.6,0.7,0.0,0.0,0.0,0.0,0.0,0.0,1.0,1.0,0.0,True,False,True,False,False,True,False,False,False,False,False,False,False,False,False,False,False,False,False,False,False,False,False,False,True,True,False
TopoFlow-Data-HIS,Hydrology,https://github.com/peckhams/topoflow,Through web repository,1,,,https://csdms.colorado.edu/wiki/Model:TopoFlow-Data-HIS,0.72,0.0,0.0,0.5,0.8,0.6,0.7,0.0,0.0,0.0,0.0,0.0,0.0,1.0,1.0,0.0,True,False,True,False,False,True,False,False,False,False,False,False,False,False,False,False,False,False,False,False,False,False,False,False,True,True,False
TopoFlow-Diversions,Hydrology,https://github.com/peckhams/topoflow,Through web repository,1,Python,,https://csdms.colorado.edu/wiki/Model:TopoFlow-Diversions,0.72,0.0,0.0,0.5,0.8,0.6,0.7,0.0,0.0,0.0,0.0,0.0,0.0,1.0,1.0,0.0,True,False,True,False,False,True,False,False,False,False,False,False,False,False,False,False,False,False,False,False,False,False,False,False,True,True,False
TopoFlow-Evaporation-Energy Balance,Hydrology,https://github.com/peckhams/topoflow,Through web repository,1,Python,,https://csdms.colorado.edu/wiki/Model:TopoFlow-Evaporation-Energy_Balance,0.72,0.0,0.0,0.5,0.8,0.6,0.7,0.0,0.0,0.0,0.0,0.0,0.0,1.0,1.0,0.0,True,False,True,False,False,True,False,False,False,False,False,False,False,False,False,False,False,False,False,False,False,False,False,False,True,True,False
TopoFlow-Evaporation-Priestley Taylor,Hydrology,https://github.com/peckhams/topoflow,Through web repository,1,Python,,https://csdms.colorado.edu/wiki/Model:TopoFlow-Evaporation-Priestley_Taylor,0.72,0.0,0.0,0.5,0.8,0.6,0.7,0.0,0.0,0.0,0.0,0.0,0.0,1.0,1.0,0.0,True,False,True,False,False,True,False,False,False,False,False,False,False,False,False,False,False,False,False,False,False,False,False,False,True,True,False
TopoFlow-Evaporation-Read File,Hydrology,https://github.com/peckhams/topoflow,Through web repository,1,Python,,https://csdms.colorado.edu/wiki/Model:TopoFlow-Evaporation-Read_File,0.72,0.0,0.0,0.5,0.8,0.6,0.7,0.0,0.0,0.0,0.0,0.0,0.0,1.0,1.0,0.0,True,False,True,False,False,True,False,False,False,False,False,False,False,False,False,False,False,False,False,False,False,False,False,False,True,True,False
TopoFlow-Infiltration-Green-Ampt,Hydrology,https://github.com/peckhams/topoflow,Through web repository,1,Python,,https://csdms.colorado.edu/wiki/Model:TopoFlow-Infiltration-Green-Ampt,0.72,0.0,0.0,0.5,0.8,0.6,0.7,0.0,0.0,0.0,0.0,0.0,0.0,1.0,1.0,0.0,True,False,True,False,False,True,False,False,False,False,False,False,False,False,False,False,False,False,False,False,False,False,False,False,True,True,False
TopoFlow-Infiltration-Richards 1D,Hydrology,https://github.com/peckhams/topoflow,Through web repository,1,Python,,https://csdms.colorado.edu/wiki/Model:TopoFlow-Infiltration-Richards_1D,0.72,0.0,0.0,0.5,0.8,0.6,0.7,0.0,0.0,0.0,0.0,0.0,0.0,1.0,1.0,0.0,True,False,True,False,False,True,False,False,False,False,False,False,False,False,False,False,False,False,False,False,False,False,False,False,True,True,False
TopoFlow-Infiltration-Smith-Parlange,Hydrology,https://github.com/peckhams/topoflow,Through web repository,1,Python,,https://csdms.colorado.edu/wiki/Model:TopoFlow-Infiltration-Smith-Parlange,0.72,0.0,0.0,0.5,0.8,0.6,0.7,0.0,0.0,0.0,0.0,0.0,0.0,1.0,1.0,0.0,True,False,True,False,False,True,False,False,False,False,False,False,False,False,False,False,False,False,False,False,False,False,False,False,True,True,False
TopoFlow-Meteorology,Hydrology,https://github.com/peckhams/topoflow,Through web repository,1,Python,,https://csdms.colorado.edu/wiki/Model:TopoFlow-Meteorology,0.72,0.0,0.0,0.5,0.8,0.6,0.7,0.0,0.0,0.0,0.0,0.0,0.0,1.0,1.0,0.0,True,False,True,False,False,True,False,False,False,False,False,False,False,False,False,False,False,False,False,False,False,False,False,False,True,True,False
TopoFlow-Saturated Zone-Darcy Layers,Hydrology,https://github.com/peckhams/topoflow,Through web repository,1,Python,,https://csdms.colorado.edu/wiki/Model:TopoFlow-Saturated_Zone-Darcy_Layers,0.72,0.0,0.0,0.5,0.8,0.6,0.7,0.0,0.0,0.0,0.0,0.0,0.0,1.0,1.0,0.0,True,False,True,False,False,True,False,False,False,False,False,False,False,False,False,False,False,False,False,False,False,False,False,False,True,True,False
TopoFlow-Snowmelt-Degree-Day,Hydrology,https://github.com/peckhams/topoflow,Through web repository,1,Python,,https://csdms.colorado.edu/wiki/Model:TopoFlow-Snowmelt-Degree-Day,0.72,0.0,0.0,0.5,0.8,0.6,0.7,0.0,0.0,0.0,0.0,0.0,0.0,1.0,1.0,0.0,True,False,True,False,False,True,False,False,False,False,False,False,False,False,False,False,False,False,False,False,False,False,False,False,True,True,False
TopoFlow-Snowmelt-Energy Balance,Hydrology,https://github.com/peckhams/topoflow,Through web repository,1,Python,,https://csdms.colorado.edu/wiki/Model:TopoFlow-Snowmelt-Energy_Balance,0.72,0.0,0.0,0.5,0.8,0.6,0.7,0.0,0.0,0.0,0.0,0.0,0.0,1.0,1.0,0.0,True,False,True,False,False,True,False,False,False,False,False,False,False,False,False,False,False,False,False,False,False,False,False,False,True,True,False
TopoPyScale,Cryosphere,https://github.com/ArcticSnow/TopoPyScale,Through web repository,0,Python,,https://csdms.colorado.edu/wiki/Model:TopoPyScale,0.72,0.0,0.0,0.5,0.8,0.6,0.7,0.0,0.0,0.0,0.0,0.0,0.0,1.0,1.0,0.0,True,False,True,False,False,True,False,False,False,False,False,False,False,False,False,False,False,False,False,False,False,False,False,False,True,True,False
Topography Data Component,Climate,https://github.com/csdms/bmi-topography,Through web repository,1,Python,10.5281/zenodo.4608652,https://csdms.colorado.edu/wiki/Model:Topography_Data_Component,0.72,0.0,0.0,0.5,0.8,0.6,0.7,0.0,0.0,0.0,0.0,0.0,0.0,1.0,1.0,0.0,True,False,True,False,False,True,False,False,False,False,False,False,False,False,False,False,False,False,False,False,False,False,False,False,True,True,False
Tracer dispersion calculator,Terrestrial,https://github.com/vipenrica/tracer-stone-modeling,Through web repository,1,Python,,https://csdms.colorado.edu/wiki/Model:Tracer_dispersion_calculator,0.72,0.0,0.0,0.5,0.8,0.6,0.7,0.0,0.0,0.0,0.0,0.0,0.0,1.0,1.0,0.0,True,False,True,False,False,True,False,False,False,False,False,False,False,False,False,False,False,False,False,False,False,False,False,False,True,True,False
TransportLengthHillslopeDiffuser,Hydrology,https://github.com/landlab/landlab/tree/master/landlab,Through web repository,1,Python,,https://csdms.colorado.edu/wiki/Model:TransportLengthHillslopeDiffuser,,,,,,,,,,,,,,,,,,,,,,,,,,,,,,,,,,,,,,,,,,,
UIDS,Hydrology,https://github.com/vinhngoctran/UIDS,Through web repository,1,Matlab,,https://csdms.colorado.edu/wiki/Model:UIDS,0.72,0.0,0.0,0.2,0.8,0.6,0.7,0.0,0.0,0.0,0.0,0.0,0.0,0.0,1.0,0.0,True,False,True,False,False,True,False,False,False,False,False,False,False,False,False,False,False,False,False,False,False,False,False,False,False,True,False
Underworld2,Geodynamic,https://github.com/underworldcode/underworld2,Through web repository,0,Python,,https://csdms.colorado.edu/wiki/Model:Underworld2,0.72,0.0,0.0,0.5,0.8,0.6,0.7,0.0,0.0,0.0,0.0,0.0,0.0,1.0,1.0,0.0,True,False,True,False,False,True,False,False,False,False,False,False,False,False,False,False,False,False,False,False,False,False,False,False,True,True,False
VegCA,Ecosystems,https://github.com/landlab/landlab/tree/master/landlab,Through web repository,1,Python,,https://csdms.colorado.edu/wiki/Model:VegCA,,,,,,,,,,,,,,,,,,,,,,,,,,,,,,,,,,,,,,,,,,,
Vegetation,Climate,https://github.com/landlab/landlab/tree/master/landlab,Through web repository,1,Python,,https://csdms.colorado.edu/wiki/Model:Vegetation,,,,,,,,,,,,,,,,,,,,,,,,,,,,,,,,,,,,,,,,,,,
WAVEWATCH III Data Component,Climate,https://github.com/csdms/bmi-wavewatch3,Through web repository,1,Python,,https://csdms.colorado.edu/wiki/Model:WAVEWATCH_III_Data_Component,,,,,,,,,,,,,,,,,,,,,,,,,,,,,,,,,,,,,,,,,,,
WAVI.jl,Cryosphere,https://github.com/RJArthern/WAVI.jl,Through web repository,0,,,https://csdms.colorado.edu/wiki/Model:WAVI.jl,0.72,0.0,0.0,0.5,0.8,0.6,0.7,0.0,0.0,0.0,0.0,0.0,0.0,1.0,1.0,0.0,True,False,True,False,False,True,False,False,False,False,False,False,False,False,False,False,False,False,False,False,False,False,False,False,True,True,False
WBM-WTM,Hydrology,https://github.com/bmfekete/WBMplus,Through web repository,1,C,10.1594/IEDA/100179,https://csdms.colorado.edu/wiki/Model:WBM-WTM,,,,,,,,,,,,,,,,,,,,,,,,,,,,,,,,,,,,,,,,,,,
WDUNE,Terrestrial,https://github.com/tbarchyn/WDUNE,Through web repository,1,C++,,https://csdms.colorado.edu/wiki/Model:WDUNE,0.72,0.0,0.0,0.2,0.8,0.6,0.7,0.0,0.0,0.0,0.0,0.0,0.0,0.0,1.0,0.0,True,False,True,False,False,True,False,False,False,False,False,False,False,False,False,False,False,False,False,False,False,False,False,False,False,True,False
WOFOST,Terrestrial,"https://github.com/ajwdewit/WOFOST
https://github.com/ajwdewit/pcse
https://www.swap.alterra.nl/",Through web repository,1,Fortran77,,https://csdms.colorado.edu/wiki/Model:WOFOST,,,,,,,,,,,,,,,,,,,,,,,,,,,,,,,,,,,,,,,,,,,
WSIMOD,Hydrology,https://github.com/ImperialCollegeLondon/wsi,Through web repository,0,Python,,https://csdms.colorado.edu/wiki/Model:WSIMOD,,,,,,,,,,,,,,,,,,,,,,,,,,,,,,,,,,,,,,,,,,,
WTM,Terrestrial,https://github.com/KCallaghan/WTM/,Through web repository,1,C++,,https://csdms.colorado.edu/wiki/Model:WTM,,,,,,,,,,,,,,,,,,,,,,,,,,,,,,,,,,,,,,,,,,,
ZoneController,Ecosystems,https://github.com/landlab/landlab/tree/master/landlab,Through web repository,1,Python,,https://csdms.colorado.edu/wiki/Model:ZoneController,,,,,,,,,,,,,,,,,,,,,,,,,,,,,,,,,,,,,,,,,,,
ZoneTaxon,Ecosystems,https://github.com/landlab/landlab/tree/master/landlab,Through web repository,1,Python,,https://csdms.colorado.edu/wiki/Model:ZoneTaxon,,,,,,,,,,,,,,,,,,,,,,,,,,,,,,,,,,,,,,,,,,,
