ModelName,ModelDomain,SourceWebAddress,SourceCodeAvailability,CodeReviewed,ProgrammingLanguage,DOIModel,FullUrl
1D Hillslope MCMC,Terrestrial,,Through CSDMS repository,1,C++,,https://csdms.colorado.edu/wiki/Model:1D_Hillslope_MCMC
1D Particle-Based Hillslope Evolution Model,Coastal,,Through CSDMS repository,1,Matlab,10.5281/zenodo.1436771,https://csdms.colorado.edu/wiki/Model:1D_Particle-Based_Hillslope_Evolution_Model
1DBreachingTurbidityCurrent,Coastal,,Through CSDMS repository,1,,,https://csdms.colorado.edu/wiki/Model:1DBreachingTurbidityCurrent
2DFLOWVEL,Coastal,,Through CSDMS repository,1,Fortran77,10.1594/IEDA/100076,https://csdms.colorado.edu/wiki/Model:2DFLOWVEL
ACADIA,Marine,http://www-nml.dartmouth.edu/Software/acadia5.0/,Through web repository,1,Fortran77,,https://csdms.colorado.edu/wiki/Model:ACADIA
ADCIRC,Coastal,http://adcirc.org/,Through web repository,1,Fortran77,,https://csdms.colorado.edu/wiki/Model:ADCIRC
ADI-2D,Terrestrial,,Through CSDMS repository,1,C,10.1594/IEDA/100080,https://csdms.colorado.edu/wiki/Model:ADI-2D
ALFRESCO,Cryosphere,https://github.com/ua-snap/alfresco,Through web repository,1,C++,,https://csdms.colorado.edu/wiki/Model:ALFRESCO
AR2-sinuosity,Hydrology,https://github.com/alimaye/AR2-sinuosity,Through web repository,1,Matlab,,https://csdms.colorado.edu/wiki/Model:AR2-sinuosity
ATS (The Advanced Terrestrial Simulator),Cryosphere,https://github.com/amanzi/ats,Through web repository,1,C++,,https://csdms.colorado.edu/wiki/Model:ATS_(The_Advanced_Terrestrial_Simulator)
Acronym1,Hydrology,,Through CSDMS repository,1,C,10.1594/IEDA/100078,https://csdms.colorado.edu/wiki/Model:Acronym1
Acronym1D,Hydrology,,Through CSDMS repository,1,C,10.1594/IEDA/100077,https://csdms.colorado.edu/wiki/Model:Acronym1D
Acronym1R,Hydrology,,Through CSDMS repository,1,C,10.1594/IEDA/100079,https://csdms.colorado.edu/wiki/Model:Acronym1R
AeoLiS,Terrestrial,https://github.com/openearth/aeolis-python,Through web repository,1,Python,,https://csdms.colorado.edu/wiki/Model:AeoLiS
AgDegBW,Hydrology,,Through CSDMS repository,1,C,10.1594/IEDA/100081,https://csdms.colorado.edu/wiki/Model:AgDegBW
AgDegNormGravMixPW,Hydrology,,Through CSDMS repository,1,C,10.1594/IEDA/100086,https://csdms.colorado.edu/wiki/Model:AgDegNormGravMixPW
AgDegNormGravMixSubPW,Hydrology,,Through CSDMS repository,1,C,10.1594/IEDA/100087,https://csdms.colorado.edu/wiki/Model:AgDegNormGravMixSubPW
AgDegNormal,Hydrology,,Through CSDMS repository,1,C,10.1594/IEDA/100084,https://csdms.colorado.edu/wiki/Model:AgDegNormal
AgDegNormalFault,Hydrology,,Through CSDMS repository,1,C,10.1594/IEDA/100082,https://csdms.colorado.edu/wiki/Model:AgDegNormalFault
AgDegNormalGravMixHyd,Hydrology,,Through CSDMS repository,1,C,10.1594/IEDA/100083,https://csdms.colorado.edu/wiki/Model:AgDegNormalGravMixHyd
AgDegNormalSub,Hydrology,,Through CSDMS repository,1,C,10.1594/IEDA/100085,https://csdms.colorado.edu/wiki/Model:AgDegNormalSub
AlluvStrat,Coastal,https://github.com/awickert/alluvstrat,Through CSDMS repository,1,Python,10.1594/IEDA/100088,https://csdms.colorado.edu/wiki/Model:AlluvStrat
Alpine3D,Cryosphere,https://alpine3d.slf.ch,Through web repository,1,C++,,https://csdms.colorado.edu/wiki/Model:Alpine3D
Anuga,Hydrology,https://sourceforge.net/projects/anuga/,Through web repository,1,C,,https://csdms.colorado.edu/wiki/Model:Anuga
AnugaSed,Hydrology,https://github.com/mperignon/anugaSed,Through web repository,1,Python,,https://csdms.colorado.edu/wiki/Model:AnugaSed
ApsimX,Terrestrial,https://github.com/APSIMInitiative/ApsimX,Through web repository,0,Fortran90,,https://csdms.colorado.edu/wiki/Model:ApsimX
AquaTellUs,Coastal,,Through CSDMS repository,1,C,10.1594/IEDA/100089,https://csdms.colorado.edu/wiki/Model:AquaTellUs
ArcDelRCM,Cryosphere,https://gitlab.com/nhchan/arcdelrcm.jl,Through web repository,1,,10.5880/GFZ.4.7.2023.001,https://csdms.colorado.edu/wiki/Model:ArcDelRCM
Area-Slope Equation Calculator,Hydrology,,Through CSDMS repository,1,Matlab,10.1594/IEDA/100090,https://csdms.colorado.edu/wiki/Model:Area-Slope_Equation_Calculator
Auto marsh,Coastal,https://github.com/csdms-contrib/Auto_marsh,Through web repository,1,Matlab,,https://csdms.colorado.edu/wiki/Model:Auto_marsh
Avulsion,Coastal,https://github.com/mcflugen/sedflux,Through web repository,1,C,10.1594/IEDA/100091,https://csdms.colorado.edu/wiki/Model:Avulsion
BEDLOAD,Terrestrial,,Through CSDMS repository,1,Fortran77,10.1594/IEDA/100094,https://csdms.colorado.edu/wiki/Model:BEDLOAD
BITM,Coastal,,,1,Fortran77,,https://csdms.colorado.edu/wiki/Model:BITM
BOM,Coastal,https://org.uib.no/bom/,Through web repository,1,,,https://csdms.colorado.edu/wiki/Model:BOM
BRaKE,Terrestrial,https://github.com/cmshobe/brake-model,Through CSDMS repository,1,Python,,https://csdms.colorado.edu/wiki/Model:BRaKE
BTLESS,Coastal,,,1,Fortran90,,https://csdms.colorado.edu/wiki/Model:BTLESS
BackwaterCalculator,Hydrology,,Through CSDMS repository,1,C,10.1594/IEDA/100092,https://csdms.colorado.edu/wiki/Model:BackwaterCalculator
BackwaterWrightParker,Hydrology,,Through CSDMS repository,1,C,10.1594/IEDA/100093,https://csdms.colorado.edu/wiki/Model:BackwaterWrightParker
Badlands,Climate,http://github.com/badlands-model,Through web repository,1,C,10.5281/zenodo.27384,https://csdms.colorado.edu/wiki/Model:Badlands
Barrier Inlet Environment (BRIE) Model,Coastal,https://github.com/csdms-contrib/Barrier_Inlet_Environment_BRIE_Model,Through web repository,1,Matlab,10.5281/zenodo.1218142,https://csdms.colorado.edu/wiki/Model:Barrier_Inlet_Environment_(BRIE)_Model
Barrier3D,Coastal,https://github.com/UNC-CECL/Barrier3D,Through web repository,1,Python,10.5281/zenodo.4730988,https://csdms.colorado.edu/wiki/Model:Barrier3D
BarrierBMFT,Coastal,https://github.com/UNC-CECL/BarrierBMFT,Through web repository,1,Python,,https://csdms.colorado.edu/wiki/Model:BarrierBMFT
BatTri,Coastal,http://www-nml.dartmouth.edu/Software/battri/,Through web repository,1,Matlab,,https://csdms.colorado.edu/wiki/Model:BatTri
Bedrock Erosion Model,Terrestrial,,Through CSDMS repository,1,C,10.1594/IEDA/100096,https://csdms.colorado.edu/wiki/Model:Bedrock_Erosion_Model
Bedrock Fault Scarp,Geodynamic,,Through CSDMS repository,1,Python,10.1594/IEDA/100097,https://csdms.colorado.edu/wiki/Model:Bedrock_Fault_Scarp
BedrockAlluvialTransition,Hydrology,,Through CSDMS repository,1,C,10.1594/IEDA/100095,https://csdms.colorado.edu/wiki/Model:BedrockAlluvialTransition
Bifurcation,Coastal,,Through CSDMS repository,1,Matlab,,https://csdms.colorado.edu/wiki/Model:Bifurcation
Bing,Marine,https://github.com/mcflugen/sedflux,Through web repository,1,C,10.1594/IEDA/100098,https://csdms.colorado.edu/wiki/Model:Bing
Bio,Marine,https://github.com/mcflugen/sedflux,Through web repository,1,C,10.1594/IEDA/100099,https://csdms.colorado.edu/wiki/Model:Bio
BlockLab,Terrestrial,https://github.com/cmshobe/BlockLab,Through web repository,1,Python,,https://csdms.colorado.edu/wiki/Model:BlockLab
CAESAR Lisflood,Hydrology,https://sourceforge.net/projects/caesar-lisflood/,Through web repository,1,,,https://csdms.colorado.edu/wiki/Model:CAESAR_Lisflood
CAM-CARMA,Terrestrial,http://www.ccsm.ucar.edu/models/atm-cam/,Through web repository,1,Fortran77,,https://csdms.colorado.edu/wiki/Model:CAM-CARMA
CASCADE,Terrestrial,,,1,C,,https://csdms.colorado.edu/wiki/Model:CASCADE
CBIRM,Coastal,,,1,Matlab,,https://csdms.colorado.edu/wiki/Model:CBIRM
CBOFS2,Marine,https://www.myroms.org/index.php?page=login,Through web repository,1,Fortran90,,https://csdms.colorado.edu/wiki/Model:CBOFS2
CELLS,Coastal,,,1,Fortran77,,https://csdms.colorado.edu/wiki/Model:CELLS
CEM,Coastal,,Through CSDMS repository,1,C,10.1594/IEDA/100100,https://csdms.colorado.edu/wiki/Model:CEM
CHILD,Terrestrial,https://github.com/childmodel/child,Through web repository,1,C++,10.1594/IEDA/100102,https://csdms.colorado.edu/wiki/Model:CHILD
CICE,Cryosphere,https://github.com/CICE-Consortium/CICE,Through web repository,1,Fortran90,,https://csdms.colorado.edu/wiki/Model:CICE
CLUMondo,Terrestrial,http://www.environmentalgeography.nl/site/data-models/data/clumondo-model/,Through web repository,1,C++,,https://csdms.colorado.edu/wiki/Model:CLUMondo
CMFT,Coastal,,Through CSDMS repository,1,Fortran90,,https://csdms.colorado.edu/wiki/Model:CMFT
CMIP,Climate,https://github.com/permamodel,Through web repository,1,Python,,https://csdms.colorado.edu/wiki/Model:CMIP
COAWST,Coastal,https://github.com/DOI-USGS/COAWST,Through web repository,1,C,,https://csdms.colorado.edu/wiki/Model:COAWST
COLT Restorations,Coastal,https://github.com/mbbarksdale/CoLT_Restorations,Through web repository,1,Matlab,10.5281/zenodo.14052901,https://csdms.colorado.edu/wiki/Model:COLT_Restorations
CREST,Hydrology,http://hydro.ou.edu/research/crest/,Through web repository,1,Fortran90,,https://csdms.colorado.edu/wiki/Model:CREST
CSt ASMITA,Coastal,,,1,Fortran77,,https://csdms.colorado.edu/wiki/Model:CSt_ASMITA
CVFEM Rift2D,Geodynamic,,Through CSDMS repository,1,Fortran77,,https://csdms.colorado.edu/wiki/Model:CVFEM_Rift2D
CVPM,Cryosphere,,Through CSDMS repository,1,Matlab,10.5281/zenodo.1237889,https://csdms.colorado.edu/wiki/Model:CVPM
CWatM,Hydrology,https://github.com/iiasa/CWatM,Through web repository,1,C++,,https://csdms.colorado.edu/wiki/Model:CWatM
Caesar,Terrestrial,http://www.coulthard.org.uk/downloads/visualcaesar.htm,Through web repository,1,C,,https://csdms.colorado.edu/wiki/Model:Caesar
CarboCAT,Carbonates and Biogenics,,Through CSDMS repository,1,Matlab,,https://csdms.colorado.edu/wiki/Model:CarboCAT
CarboLOT,Carbonates and Biogenics,,,1,Python,,https://csdms.colorado.edu/wiki/Model:CarboLOT
CellularFanDelta,Coastal,,,1,C++,,https://csdms.colorado.edu/wiki/Model:CellularFanDelta
Channel-Oscillation,Hydrology,,Through CSDMS repository,1,C,10.1594/IEDA/100101,https://csdms.colorado.edu/wiki/Model:Channel-Oscillation
ChannelProfiler,Terrestrial,https://github.com/landlab/landlab/tree/master/landlab,Through web repository,1,Python,,https://csdms.colorado.edu/wiki/Model:ChannelProfiler
ChesROMS,Marine,http://ches.communitymodeling.org/models/ChesROMS/,Through web repository,1,Fortran90,,https://csdms.colorado.edu/wiki/Model:ChesROMS
Chi analysis tools,Terrestrial,,Through CSDMS repository,1,C++,,https://csdms.colorado.edu/wiki/Model:Chi_analysis_tools
ChiFinder,Terrestrial,https://github.com/landlab/landlab/tree/master/landlab,Through web repository,1,Python,,https://csdms.colorado.edu/wiki/Model:ChiFinder
Cliffs,Coastal,https://github.com/Delta-function/cliffs-src,Through web repository,1,Fortran90,,https://csdms.colorado.edu/wiki/Model:Cliffs
CoAStal Community-lAnDscape Evolution (CASCADE) model,Coastal,https://github.com/UNC-CECL/CASCADE,Through CSDMS repository,1,Python,,https://csdms.colorado.edu/wiki/Model:CoAStal_Community-lAnDscape_Evolution_(CASCADE)_model
CoastMorpho2D,Coastal,https://github.com/csdms-contrib/CoastMorpho2D,Through web repository,1,Matlab,10.5281/zenodo.10563890,https://csdms.colorado.edu/wiki/Model:CoastMorpho2D
Coastal Dune Model,Coastal,,Through CSDMS repository,1,C++,10.5281/zenodo.16161,https://csdms.colorado.edu/wiki/Model:Coastal_Dune_Model
Coastal Landscape Transect Model (CoLT),Coastal,,Through CSDMS repository,1,Matlab,10.5281/zenodo.7625873,https://csdms.colorado.edu/wiki/Model:Coastal_Landscape_Transect_Model_(CoLT)
Compact,Marine,https://github.com/mcflugen/sedflux,Through web repository,1,C,10.1594/IEDA/100103,https://csdms.colorado.edu/wiki/Model:Compact
CosmoLand,Terrestrial,,Through CSDMS repository,1,Matlab,,https://csdms.colorado.edu/wiki/Model:CosmoLand
Coupled1D,Terrestrial,,Through CSDMS repository,1,C,10.1594/IEDA/100104,https://csdms.colorado.edu/wiki/Model:Coupled1D
CrevasseFlow,Terrestrial,,Through CSDMS repository,1,Matlab,10.1594/IEDA/100105,https://csdms.colorado.edu/wiki/Model:CrevasseFlow
Cross Shore Sediment Flux,Coastal,,Through CSDMS repository,1,Matlab,,https://csdms.colorado.edu/wiki/Model:Cross_Shore_Sediment_Flux
CruAKTemp,Climate,,,1,Python,,https://csdms.colorado.edu/wiki/Model:CruAKTemp
CryoGrid3,Cryosphere,https://github.com/CryoGrid/CryoGrid3,Through web repository,1,Matlab,,https://csdms.colorado.edu/wiki/Model:CryoGrid3
Cyclopath,Marine,,Through CSDMS repository,1,C,10.1594/IEDA/100106,https://csdms.colorado.edu/wiki/Model:Cyclopath
D'Alpaos model,Coastal,,,0,Fortran77,,https://csdms.colorado.edu/wiki/Model:D%27Alpaos_model
DECAL,Coastal,,,1,C++,,https://csdms.colorado.edu/wiki/Model:DECAL
DELTA,Coastal,,Through CSDMS repository,1,Fortran77,10.1594/IEDA/100108,https://csdms.colorado.edu/wiki/Model:DELTA
DFMFON,Coastal,https://github.com/smbeselly/DFMFON,Through web repository,1,Java,,https://csdms.colorado.edu/wiki/Model:DFMFON
DHSVM,Hydrology,https://github.com/pnnl/DHSVM-PNNL,Through web repository,1,C,,https://csdms.colorado.edu/wiki/Model:DHSVM
DLBRM,Hydrology,http://www.glerl.noaa.gov/wr/lbrmexamples.html,Through web repository,1,,,https://csdms.colorado.edu/wiki/Model:DLBRM
DR3M,Hydrology,http://water.usgs.gov/software/DR3M/,Through web repository,1,Fortran77,,https://csdms.colorado.edu/wiki/Model:DR3M
DROG3D,Coastal,http://www-nml.dartmouth.edu/Software/drog3d/,Through web repository,1,Fortran77,,https://csdms.colorado.edu/wiki/Model:DROG3D
Dakotathon,Climate,https://github.com/csdms/dakota,Through web repository,1,Python,,https://csdms.colorado.edu/wiki/Model:Dakotathon
DbSEABED Data Component,Carbonates and Biogenics,https://github.com/gantian127/bmi_dbseabed,Through web repository,1,Python,,https://csdms.colorado.edu/wiki/Model:DbSEABED_Data_Component
Delft3D,Coastal,http://oss.deltares.nl/web/delft3d/source-code,Through web repository,1,C,,https://csdms.colorado.edu/wiki/Model:Delft3D
DeltaBW,Hydrology,,Through CSDMS repository,1,C,10.1594/IEDA/100107,https://csdms.colorado.edu/wiki/Model:DeltaBW
DeltaClassification,Coastal,,Through CSDMS repository,1,Python,10.5281/zenodo.3926763,https://csdms.colorado.edu/wiki/Model:DeltaClassification
DeltaNorm,Hydrology,,Through CSDMS repository,1,C,10.1594/IEDA/100109,https://csdms.colorado.edu/wiki/Model:DeltaNorm
DeltaRCM,Coastal,,Through CSDMS repository,0,Matlab,,https://csdms.colorado.edu/wiki/Model:DeltaRCM
DeltaRCM Vegetation,Coastal,,Through CSDMS repository,1,Python,10.5281/zenodo.143243,https://csdms.colorado.edu/wiki/Model:DeltaRCM_Vegetation
DeltaSIM,Coastal,,Through CSDMS repository,1,,,https://csdms.colorado.edu/wiki/Model:DeltaSIM
Demeter,Terrestrial,https://github.com/JGCRI/demeter,Through web repository,1,Python,10.5281/zenodo.3234948,https://csdms.colorado.edu/wiki/Model:Demeter
DepDistTotLoadCalc,Hydrology,,Through CSDMS repository,1,C,10.1594/IEDA/100110,https://csdms.colorado.edu/wiki/Model:DepDistTotLoadCalc
DepressionFinderAndRouter,Hydrology,https://github.com/landlab/landlab/tree/master/landlab/components/overland_flow,Through web repository,1,Python,,https://csdms.colorado.edu/wiki/Model:DepressionFinderAndRouter
DepthDependentDiffuser,Terrestrial,https://github.com/landlab/landlab/tree/master/landlab/components/depth_dependent_diffusion,Through web repository,1,Python,,https://csdms.colorado.edu/wiki/Model:DepthDependentDiffuser
DepthDependentTaylorDiffuser,Terrestrial,https://github.com/landlab/landlab/tree/master/landlab,Through web repository,1,Python,,https://csdms.colorado.edu/wiki/Model:DepthDependentTaylorDiffuser
DetachmentLtdErosion,Terrestrial,https://github.com/landlab/landlab/tree/master/landlab,Through web repository,1,Python,,https://csdms.colorado.edu/wiki/Model:DetachmentLtdErosion
Detrital Thermochron,Terrestrial,http://code.google.com/p/thermochron/,Through web repository,1,Python,,https://csdms.colorado.edu/wiki/Model:Detrital_Thermochron
Diffusion,Marine,https://github.com/mcflugen/sedflux,Through web repository,1,C,10.1594/IEDA/100111,https://csdms.colorado.edu/wiki/Model:Diffusion
Dionisos,Coastal,,,1,C,,https://csdms.colorado.edu/wiki/Model:Dionisos
Dorado,Hydrology,https://github.com/passaH2O/dorado,Through web repository,0,Python,,https://csdms.colorado.edu/wiki/Model:Dorado
DrEICH algorithm,Hydrology,,Through CSDMS repository,1,C++,,https://csdms.colorado.edu/wiki/Model:DrEICH_algorithm
Drainage Density,Terrestrial,https://github.com/landlab/landlab/tree/master/landlab/components/drainage_density,Through web repository,1,Python,,https://csdms.colorado.edu/wiki/Model:Drainage_Density
DredgeSlotBW,Hydrology,,Through CSDMS repository,1,C,10.1594/IEDA/100112,https://csdms.colorado.edu/wiki/Model:DredgeSlotBW
DynEarthSol3D,Geodynamic,https://github.com/tan2/DynEarthSol,Through web repository,1,C++,,https://csdms.colorado.edu/wiki/Model:DynEarthSol3D
DynQual,Hydrology,https://github.com/UU-Hydro/DYNQUAL,Through web repository,1,Python,10.5281/zenodo.7932317,https://csdms.colorado.edu/wiki/Model:DynQual
ECSimpleSnow,Climate,https://github.com/permamodel/Snow_BMI_Fortran,Through web repository,1,Fortran90,,https://csdms.colorado.edu/wiki/Model:ECSimpleSnow
EF5,Hydrology,https://github.com/HyDROSLab/EF5,Through web repository,1,C++,,https://csdms.colorado.edu/wiki/Model:EF5
ELCIRC,Coastal,http://www.stccmop.org/CORIE/modeling/elcirc/,Through web repository,1,,,https://csdms.colorado.edu/wiki/Model:ELCIRC
ENTRAIN,Terrestrial,,Through CSDMS repository,1,Fortran77,10.1594/IEDA/100114,https://csdms.colorado.edu/wiki/Model:ENTRAIN
ENTRAINH,Terrestrial,,Through CSDMS repository,1,Fortran77,10.1594/IEDA/100113,https://csdms.colorado.edu/wiki/Model:ENTRAINH
ERA5 Data Component,Climate,,Through CSDMS repository,1,Python,,https://csdms.colorado.edu/wiki/Model:ERA5_Data_Component
ESCAPE,Climate,https://github.com/Geodels/eSCAPE,Through web repository,0,Fortran90,10.5281/zenodo.1419844,https://csdms.colorado.edu/wiki/Model:ESCAPE
Ecopath with Ecosim,Ecosystems,http://www.ecopath.org/,Through web repository,1,,,https://csdms.colorado.edu/wiki/Model:Ecopath_with_Ecosim
Elv-GST,Terrestrial,,Through CSDMS repository,1,Matlab,,https://csdms.colorado.edu/wiki/Model:Elv-GST
Eolian Dune Model,Terrestrial,,Through CSDMS repository,1,C,10.1594/IEDA/100115,https://csdms.colorado.edu/wiki/Model:Eolian_Dune_Model
Equilibrium Calculator,Hydrology,https://github.com/vipenrica/Channel-geometry,Through web repository,1,,,https://csdms.colorado.edu/wiki/Model:Equilibrium_Calculator
Erode,Terrestrial,,Through CSDMS repository,1,IDL,10.1594/IEDA/100116,https://csdms.colorado.edu/wiki/Model:Erode
Erode-D8-Local,Terrestrial,,,1,,,https://csdms.colorado.edu/wiki/Model:Erode-D8-Local
ErosionDeposition,Terrestrial,https://github.com/landlab/landlab/tree/master/landlab/components/erosion_deposition,Through web repository,1,Python,,https://csdms.colorado.edu/wiki/Model:ErosionDeposition
EstuarineMorphologyEstimator,Coastal,https://github.com/JasperLeuven/EstuarineMorphologyEstimator/,Through web repository,1,Python,,https://csdms.colorado.edu/wiki/Model:EstuarineMorphologyEstimator
ExponentialWeatherer,Terrestrial,https://github.com/landlab/landlab/tree/master/landlab,Through web repository,1,Python,,https://csdms.colorado.edu/wiki/Model:ExponentialWeatherer
FACET,Hydrology,,Through web repository,1,Python,10.5066/P9PI94Z1,https://csdms.colorado.edu/wiki/Model:FACET
FLDTA,Hydrology,,Through CSDMS repository,1,Fortran77,10.1594/IEDA/100119,https://csdms.colorado.edu/wiki/Model:FLDTA
FTCS1D-NonLinear,Terrestrial,,Through CSDMS repository,1,C,10.1594/IEDA/100127,https://csdms.colorado.edu/wiki/Model:FTCS1D-NonLinear
FTCS2D,Terrestrial,,Through CSDMS repository,1,C,10.1594/IEDA/100128,https://csdms.colorado.edu/wiki/Model:FTCS2D
FTCS2D-TerraceDiffusion,Terrestrial,,Through CSDMS repository,1,C,10.1594/IEDA/100129,https://csdms.colorado.edu/wiki/Model:FTCS2D-TerraceDiffusion
FUNDY,Coastal,http://www-nml.dartmouth.edu/Software/fundy/,Through web repository,1,Fortran77,,https://csdms.colorado.edu/wiki/Model:FUNDY
FUNWAVE,Coastal,http://chinacat.coastal.udel.edu/programs/funwave/funwave.html,Through web repository,1,Fortran77,,https://csdms.colorado.edu/wiki/Model:FUNWAVE
FVCOM,Coastal,https://github.com/FVCOM-GitHub/fvcom,Through web repository,1,Fortran90,,https://csdms.colorado.edu/wiki/Model:FVCOM
FVshock,Coastal,,Through CSDMS repository,1,Fortran90,10.1594/IEDA/100130,https://csdms.colorado.edu/wiki/Model:FVshock
FallVelocity,Hydrology,,Through CSDMS repository,1,C,10.1594/IEDA/100117,https://csdms.colorado.edu/wiki/Model:FallVelocity
FastscapeEroder,Terrestrial,https://github.com/landlab/landlab/tree/master/landlab,Through web repository,1,Python,,https://csdms.colorado.edu/wiki/Model:FastscapeEroder
FillinPitsFlatsDEM,Terrestrial,,Through CSDMS repository,1,C,10.1594/IEDA/100118,https://csdms.colorado.edu/wiki/Model:FillinPitsFlatsDEM
FineSed3D,Marine,,Through CSDMS repository,1,Fortran77,,https://csdms.colorado.edu/wiki/Model:FineSed3D
FireGenerator,Climate,https://github.com/landlab/landlab/tree/master/landlab,Through web repository,1,Python,,https://csdms.colorado.edu/wiki/Model:FireGenerator
Flex1D,Terrestrial,,Through CSDMS repository,1,C,10.1594/IEDA/100120,https://csdms.colorado.edu/wiki/Model:Flex1D
Flex2D,Terrestrial,,Through CSDMS repository,1,C,10.1594/IEDA/100122,https://csdms.colorado.edu/wiki/Model:Flex2D
Flex2D-ADI,Terrestrial,,Through CSDMS repository,1,C,10.1594/IEDA/100121,https://csdms.colorado.edu/wiki/Model:Flex2D-ADI
Flexure,Geodynamic,https://github.com/landlab/landlab/tree/master/landlab,Through web repository,1,Python,,https://csdms.colorado.edu/wiki/Model:Flexure
FlowAccumulator,Hydrology,https://github.com/landlab/landlab/tree/master/landlab,Through web repository,1,Python,,https://csdms.colorado.edu/wiki/Model:FlowAccumulator
FlowDirectorD8,Hydrology,https://github.com/landlab/landlab/tree/master/landlab,Through web repository,1,Python,,https://csdms.colorado.edu/wiki/Model:FlowDirectorD8
FlowDirectorDinf,Hydrology,https://github.com/landlab/landlab/tree/master/landlab,Through web repository,1,Python,,https://csdms.colorado.edu/wiki/Model:FlowDirectorDinf
FlowDirectorMFD,Hydrology,https://github.com/landlab/landlab/tree/master/landlab,Through web repository,1,Python,,https://csdms.colorado.edu/wiki/Model:FlowDirectorMFD
FlowDirectorSteepest,Hydrology,https://github.com/landlab/landlab/tree/master/landlab,Through web repository,1,Python,,https://csdms.colorado.edu/wiki/Model:FlowDirectorSteepest
FluidMud,Coastal,,,1,Fortran77,,https://csdms.colorado.edu/wiki/Model:FluidMud
Fourier-Bessel-integration,Terrestrial,,Through CSDMS repository,1,C,10.1594/IEDA/100124,https://csdms.colorado.edu/wiki/Model:Fourier-Bessel-integration
FractionalNoises1D,Terrestrial,,Through CSDMS repository,1,C,10.1594/IEDA/100125,https://csdms.colorado.edu/wiki/Model:FractionalNoises1D
FractionalNoises2D,Terrestrial,,Through CSDMS repository,1,C,10.1594/IEDA/100126,https://csdms.colorado.edu/wiki/Model:FractionalNoises2D
FractureGridGenerator,Geodynamic,https://github.com/landlab/landlab/tree/master/landlab,Through web repository,1,Python,,https://csdms.colorado.edu/wiki/Model:FractureGridGenerator
Frost Model,Cryosphere,https://github.com/permamodel,Through web repository,1,Python,,https://csdms.colorado.edu/wiki/Model:Frost_Model
FuzzyReef,Carbonates and Biogenics,,,1,C,,https://csdms.colorado.edu/wiki/Model:FuzzyReef
FwDET,Coastal,,Through CSDMS repository,1,IDL,10.5281/zenodo.1119066,https://csdms.colorado.edu/wiki/Model:FwDET
GENESIS,Coastal,,,1,Fortran77,,https://csdms.colorado.edu/wiki/Model:GENESIS
GEOMBEST,Coastal,,Through CSDMS repository,1,Matlab,10.5281/zenodo.16576,https://csdms.colorado.edu/wiki/Model:GEOMBEST
GEOMBEST++,Coastal,,Through CSDMS repository,1,Matlab,10.5281/zenodo.1248198,https://csdms.colorado.edu/wiki/Model:GEOMBEST%2B%2B
GEOMBEST++Seagrass,Coastal,,Through CSDMS repository,1,Matlab,10.5281/zenodo.3242095,https://csdms.colorado.edu/wiki/Model:GEOMBEST%2B%2BSeagrass
GEOMBEST-Plus,Coastal,,Through CSDMS repository,1,Matlab,10.5281/zenodo.16687,https://csdms.colorado.edu/wiki/Model:GEOMBEST-Plus
GEOtop,Hydrology,http://geotopmodel.github.io/geotop/,Through web repository,1,C,,https://csdms.colorado.edu/wiki/Model:GEOtop
GFlex,Geodynamic,https://github.com/awickert/gFlex,Through CSDMS repository,1,Python,10.1594/IEDA/100123,https://csdms.colorado.edu/wiki/Model:GFlex
GIPL,Cryosphere,https://github.com/Elchin/GIPL,Through web repository,1,Fortran90,10.1594/IEDA/100131,https://csdms.colorado.edu/wiki/Model:GIPL
GISKnickFinder,Hydrology,,Through CSDMS repository,1,Python,,https://csdms.colorado.edu/wiki/Model:GISKnickFinder
GISS AOM,Climate,http://aom.giss.nasa.gov/,Through web repository,1,Fortran90,,https://csdms.colorado.edu/wiki/Model:GISS_AOM
GISS GCM ModelE,Climate,http://www.giss.nasa.gov/tools/modelE/,Through web repository,1,Fortran90,,https://csdms.colorado.edu/wiki/Model:GISS_GCM_ModelE
GLUDM,Terrestrial,,Through CSDMS repository,1,Java,,https://csdms.colorado.edu/wiki/Model:GLUDM
GNE,Coastal,http://www.marine.rutgers.edu/globalnews/GNE/,Through web repository,1,Python,,https://csdms.colorado.edu/wiki/Model:GNE
GOLEM,Terrestrial,,Through CSDMS repository,1,C,10.1594/IEDA/100132,https://csdms.colorado.edu/wiki/Model:GOLEM
GPM,Coastal,,,1,C++,,https://csdms.colorado.edu/wiki/Model:GPM
GRLP,Terrestrial,https://github.com/awickert/GRLP,Through web repository,1,Python,10.5281/zenodo.1705386,https://csdms.colorado.edu/wiki/Model:GRLP
GSDCalculator,Hydrology,,Through CSDMS repository,1,C,10.1594/IEDA/100134,https://csdms.colorado.edu/wiki/Model:GSDCalculator
GSFLOW,Hydrology,http://water.usgs.gov/nrp/gwsoftware/gsflow/gsflow.html,Through web repository,1,C,,https://csdms.colorado.edu/wiki/Model:GSFLOW
GSFLOW-GRASS,Hydrology,https://github.com/UMN-Hydro/GSFLOW-GRASS,Through CSDMS repository,1,Python,10.5281/zenodo.1487716,https://csdms.colorado.edu/wiki/Model:GSFLOW-GRASS
GSSHA,Hydrology,,,1,C++,,https://csdms.colorado.edu/wiki/Model:GSSHA
GST-extendedmodel,Terrestrial,,Through CSDMS repository,1,Matlab,,https://csdms.colorado.edu/wiki/Model:GST-extendedmodel
Gc2d,Cryosphere,,Through CSDMS repository,1,Matlab,,https://csdms.colorado.edu/wiki/Model:Gc2d
GeoClaw,Coastal,http://www.clawpack.org/installing.html,Through web repository,0,Fortran77,,https://csdms.colorado.edu/wiki/Model:GeoClaw
GeoFlood,Hydrology,https://github.com/KYANJO/GeoFlood,Through web repository,1,C,,https://csdms.colorado.edu/wiki/Model:GeoFlood
GeoTiff Data Component,Carbonates and Biogenics,https://github.com/csdms/bmi-geotiff,Through web repository,1,Python,10.5281/zenodo.4721474,https://csdms.colorado.edu/wiki/Model:GeoTiff_Data_Component
Glimmer-CISM,Cryosphere,http://sourceforge.net/projects/glimmer-cism.berlios/,Through web repository,1,C,,https://csdms.colorado.edu/wiki/Model:Glimmer-CISM
Gospl,Climate,https://github.com/Geodels/gospl,Through web repository,0,Fortran90,,https://csdms.colorado.edu/wiki/Model:Gospl
GrainHill,Terrestrial,https://github.com/gregtucker/grain_hills,Through CSDMS repository,1,Python,10.5281/zenodo.1306961,https://csdms.colorado.edu/wiki/Model:GrainHill
GravelSandTransition,Hydrology,,Through CSDMS repository,1,C,10.1594/IEDA/100133,https://csdms.colorado.edu/wiki/Model:GravelSandTransition
GreenAmptInfiltrationModel,Hydrology,,Through CSDMS repository,1,Python,10.5281/zenodo.18772,https://csdms.colorado.edu/wiki/Model:GreenAmptInfiltrationModel
GridMET Data Component,Climate,"https://github.com/nhm-usgs/gridmet_bmi
https://github.com/pymt-lab/pymt_gridmet/",Through web repository,1,Python,,https://csdms.colorado.edu/wiki/Model:GridMET_Data_Component
GroundwaterDupuitPercolator,Hydrology,https://github.com/landlab/landlab,Through web repository,1,Python,,https://csdms.colorado.edu/wiki/Model:GroundwaterDupuitPercolator
GullyErosionProfiler1D,Hydrology,,Through CSDMS repository,1,Matlab,,https://csdms.colorado.edu/wiki/Model:GullyErosionProfiler1D
Gvg3Dp,Marine,,,1,C,,https://csdms.colorado.edu/wiki/Model:Gvg3Dp
HAMSOM,Coastal,,,1,Fortran90,,https://csdms.colorado.edu/wiki/Model:HAMSOM
HBV,Hydrology,https://github.com/johnrobertcraven/hbv_hydromodel,Through web repository,1,Python,,https://csdms.colorado.edu/wiki/Model:HBV
HEBEM,Terrestrial,,,1,C,,https://csdms.colorado.edu/wiki/Model:HEBEM
HIM,Marine,http://nomads.gfdl.noaa.gov/nomads/forms/him_beta_nomads.html,Through web repository,1,C++,,https://csdms.colorado.edu/wiki/Model:HIM
HSPF,Hydrology,,,1,Fortran77,,https://csdms.colorado.edu/wiki/Model:HSPF
HYPE,Hydrology,https://sourceforge.net/projects/hype/files/,Through web repository,1,Fortran90,,https://csdms.colorado.edu/wiki/Model:HYPE
HackCalculator,Hydrology,https://github.com/landlab/landlab/tree/master/landlab,Through web repository,1,Python,,https://csdms.colorado.edu/wiki/Model:HackCalculator
HexWatershed,Coastal,https://github.com/changliao1025/pyhexwatershed,Through web repository,1,C++,,https://csdms.colorado.edu/wiki/Model:HexWatershed
Hilltop and hillslope morphology extraction,Terrestrial,,Through CSDMS repository,1,C++,,https://csdms.colorado.edu/wiki/Model:Hilltop_and_hillslope_morphology_extraction
Hilltop flow routing,Terrestrial,,Through CSDMS repository,1,C++,,https://csdms.colorado.edu/wiki/Model:Hilltop_flow_routing
Hogback,Terrestrial,https://github.com/Glader011235/Hogback/,Through web repository,1,Matlab,,https://csdms.colorado.edu/wiki/Model:Hogback
HyLands,Terrestrial,,Through CSDMS repository,1,Python,,https://csdms.colorado.edu/wiki/Model:HyLands
HydroCNHS,Hydrology,https://github.com/philip928lin/HydroCNHS,Through web repository,1,Python,,https://csdms.colorado.edu/wiki/Model:HydroCNHS
HydroPy,Hydrology,,,1,Python,,https://csdms.colorado.edu/wiki/Model:HydroPy
HydroRaVENS,Hydrology,https://github.com/MNiMORPH/hydroRaVENS/,Through web repository,1,Python,10.5281/zenodo.6787391,https://csdms.colorado.edu/wiki/Model:HydroRaVENS
HydroTrend,Hydrology,https://github.com/kettner/hydrotrend,Through web repository,1,C,10.1594/IEDA/100135,https://csdms.colorado.edu/wiki/Model:HydroTrend
Hydromad,Hydrology,https://github.com/josephguillaume/hydromad,Through web repository,1,,,https://csdms.colorado.edu/wiki/Model:Hydromad
Hyper,Coastal,,Through CSDMS repository,1,Fortran90,10.1594/IEDA/100136,https://csdms.colorado.edu/wiki/Model:Hyper
IDA,Hydrology,,Through CSDMS repository,1,C,,https://csdms.colorado.edu/wiki/Model:IDA
IHydroSlide3D,Hydrology,https://github.com/GuodingChen/iHydroSlide3D_v1.0,Through web repository,1,Matlab,10.5281/zenodo.4577536,https://csdms.colorado.edu/wiki/Model:IHydroSlide3D
ILAMB,Climate,https://github.com/rubisco-sfa/ILAMB,Through web repository,1,Python,International land Model Benchmarking (ILAMB) Package,https://csdms.colorado.edu/wiki/Model:ILAMB
ISSM,Cryosphere,https://issm.jpl.nasa.gov,Through web repository,1,C++,,https://csdms.colorado.edu/wiki/Model:ISSM
Ice-sheet-Glacier-reconstruction,Cryosphere,,Through CSDMS repository,1,C,10.1594/IEDA/100138,https://csdms.colorado.edu/wiki/Model:Ice-sheet-Glacier-reconstruction
IceFlow,Cryosphere,https://github.com/awickert/IceFlow/archive/master.zip,Through web repository,1,Python,,https://csdms.colorado.edu/wiki/Model:IceFlow
Iceages,Terrestrial,,Through CSDMS repository,1,C,10.1594/IEDA/100137,https://csdms.colorado.edu/wiki/Model:Iceages
Icepack,Cryosphere,https://github.com/icepack/icepack,Through web repository,1,Python,,https://csdms.colorado.edu/wiki/Model:Icepack
IncrementalDebrisFlowVolumeAnalyzer,Hydrology,https://github.com/laurenguido/IncrementalDerisFlowVolumeAnalyzer,Through web repository,1,Python,,https://csdms.colorado.edu/wiki/Model:IncrementalDebrisFlowVolumeAnalyzer
Inflow,Coastal,https://github.com/mcflugen/sedflux,Through web repository,1,,10.1594/IEDA/100139,https://csdms.colorado.edu/wiki/Model:Inflow
Instructed Glacier Model,Cryosphere,https://github.com/jouvetg/igm,Through web repository,1,Python,,https://csdms.colorado.edu/wiki/Model:Instructed_Glacier_Model
KWAVE,Hydrology,,Through CSDMS repository,1,C,,https://csdms.colorado.edu/wiki/Model:KWAVE
Kirwan marsh model,Coastal,,,1,C,,https://csdms.colorado.edu/wiki/Model:Kirwan_marsh_model
KnickZone-Picker,Hydrology,https://github.com/UP-RS-ESP/DEM-KZP,Through web repository,1,Matlab,,https://csdms.colorado.edu/wiki/Model:KnickZone-Picker
Kudryavtsev Model,Cryosphere,https://github.com/permamodel,Through web repository,1,Python,,https://csdms.colorado.edu/wiki/Model:Kudryavtsev_Model
LEMming,Terrestrial,,Through CSDMS repository,1,Matlab,10.1594/IEDA/100141,https://csdms.colorado.edu/wiki/Model:LEMming
LEMming2,Terrestrial,https://github.com/ddoubleprime/LEMming2,Through web repository,1,C,,https://csdms.colorado.edu/wiki/Model:LEMming2
LISFLOOD,Hydrology,https://github.com/ec-jrc/lisflood-code,Through web repository,1,Python,,https://csdms.colorado.edu/wiki/Model:LISFLOOD
LITHFLEX1,Geodynamic,,Through CSDMS repository,1,Fortran77,,https://csdms.colorado.edu/wiki/Model:LITHFLEX1
LITHFLEX2,Geodynamic,,Through CSDMS repository,1,Fortran77,,https://csdms.colorado.edu/wiki/Model:LITHFLEX2
LOADEST,Coastal,http://water.usgs.gov/software/loadest/,Through web repository,1,Fortran77,,https://csdms.colorado.edu/wiki/Model:LOADEST
LOGDIST,Terrestrial,,Through CSDMS repository,1,Fortran77,10.1594/IEDA/100142,https://csdms.colorado.edu/wiki/Model:LOGDIST
LONGPRO,Terrestrial,,Through CSDMS repository,1,Fortran77,10.1594/IEDA/100143,https://csdms.colorado.edu/wiki/Model:LONGPRO
LTRANS,Coastal,http://northweb.hpl.umces.edu/LTRANS.htm,Through web repository,1,Fortran90,,https://csdms.colorado.edu/wiki/Model:LTRANS
LaMEM,Geodynamic,https://bitbucket.org/bkaus/lamem,Through web repository,1,C,,https://csdms.colorado.edu/wiki/Model:LaMEM
Lake-Permafrost with Subsidence,Terrestrial,,,1,Matlab,,https://csdms.colorado.edu/wiki/Model:Lake-Permafrost_with_Subsidence
LakeMapperBarnes,Hydrology,https://github.com/landlab/landlab/tree/master/landlab,Through web repository,1,Python,,https://csdms.colorado.edu/wiki/Model:LakeMapperBarnes
Landlab,Coastal,https://github.com/landlab/landlab/,Through web repository,0,Python,,https://csdms.colorado.edu/wiki/Model:Landlab
Landslides,Human dimensions,https://github.com/landlab/landlab/tree/master/landlab,Through web repository,1,Python,,https://csdms.colorado.edu/wiki/Model:Landslides
LateralEroder,Terrestrial,https://github.com/landlab/landlab/tree/master/landlab,Through web repository,1,Python,,https://csdms.colorado.edu/wiki/Model:LateralEroder
LateralVerticalIncision,Terrestrial,,Through CSDMS repository,1,Matlab,,https://csdms.colorado.edu/wiki/Model:LateralVerticalIncision
LavaFlow2D,Terrestrial,,Through CSDMS repository,1,C,10.1594/IEDA/100140,https://csdms.colorado.edu/wiki/Model:LavaFlow2D
LinearDiffuser,Terrestrial,https://landlab.github.io,Through web repository,1,Python,,https://csdms.colorado.edu/wiki/Model:LinearDiffuser
Lithology,Terrestrial,https://github.com/landlab/landlab/tree/master/landlab,Through web repository,0,Python,,https://csdms.colorado.edu/wiki/Model:Lithology
LossyFlowAccumulator,Hydrology,https://github.com/landlab/landlab/tree/master/landlab,Through web repository,1,Python,,https://csdms.colorado.edu/wiki/Model:LossyFlowAccumulator
LuSS,Terrestrial,https://github.com/nathandbrown/LuSS,Through CSDMS repository,1,Matlab,,https://csdms.colorado.edu/wiki/Model:LuSS
LumSoilMixer,Terrestrial,,Through CSDMS repository,1,Python,,https://csdms.colorado.edu/wiki/Model:LumSoilMixer
MARM5D,Terrestrial,,Through CSDMS repository,1,Fortran90,10.5281/zenodo.258080,https://csdms.colorado.edu/wiki/Model:MARM5D
MARSSIM,Coastal,,Through CSDMS repository,1,Fortran90,10.1594/IEDA/100144,https://csdms.colorado.edu/wiki/Model:MARSSIM
MARSSIM V4,Hydrology,,Through CSDMS repository,1,Fortran90,,https://csdms.colorado.edu/wiki/Model:MARSSIM_V4
MCPM,Coastal,https://data.gulfresearchinitiative.org/data/R4.x264.196:0007,Through CSDMS repository,1,Matlab,,https://csdms.colorado.edu/wiki/Model:MCPM
MFDrouting,Hydrology,,Through CSDMS repository,1,C,10.1594/IEDA/100145,https://csdms.colorado.edu/wiki/Model:MFDrouting
MFDrouting-Successive,Hydrology,,Through CSDMS repository,1,C,10.1594/IEDA/100146,https://csdms.colorado.edu/wiki/Model:MFDrouting-Successive
MICOM,Marine,http://rda.ucar.edu/datasets/ds287.1/,Through web repository,1,Fortran77,,https://csdms.colorado.edu/wiki/Model:MICOM
MIDAS,Hydrology,,Through CSDMS repository,1,Fortran77,10.1594/IEDA/100147,https://csdms.colorado.edu/wiki/Model:MIDAS
MITgcm,Climate,http://mitgcm.org/,Through web repository,1,Fortran90,,https://csdms.colorado.edu/wiki/Model:MITgcm
MODFLOW,Hydrology,http://water.usgs.gov/nrp/gwsoftware/modflow2000/modflow2000.html,Through web repository,1,C,,https://csdms.colorado.edu/wiki/Model:MODFLOW
MODFLOW 6,Coastal,https://www.usgs.gov/software/modflow-6-usgs-modular-hydrologic-model,Through web repository,1,Fortran90,,https://csdms.colorado.edu/wiki/Model:MODFLOW_6
MOM6,Marine,https://github.com/NOAA-GFDL/MOM6,Through web repository,0,Fortran90,,https://csdms.colorado.edu/wiki/Model:MOM6
MPeat2D,Terrestrial,https://zenodo.org/records/10050891,Through web repository,1,Matlab,10.5281/zenodo.10050891,https://csdms.colorado.edu/wiki/Model:MPeat2D
MRSAA,Geodynamic,,Through CSDMS repository,1,Python,10.5281/zenodo.893093,https://csdms.colorado.edu/wiki/Model:MRSAA
Manningseq-bouldersforpaleohydrology,Hydrology,,Through CSDMS repository,1,Matlab,,https://csdms.colorado.edu/wiki/Model:Manningseq-bouldersforpaleohydrology
Marsh column model,Coastal,,,1,C++,,https://csdms.colorado.edu/wiki/Model:Marsh_column_model
MarshMorpho2D,Coastal,,Through CSDMS repository,1,Matlab,10.5281/zenodo.1218091,https://csdms.colorado.edu/wiki/Model:MarshMorpho2D
MarshPondModel,Coastal,,Through CSDMS repository,1,Matlab,10.5281/zenodo.4085606,https://csdms.colorado.edu/wiki/Model:MarshPondModel
Meander Centerline Migration Model,Hydrology,https://github.com/FluidMechanicsUNIPD/Meander_Floodplain_Heterogeneity,Through web repository,1,Fortran90,10.5281/zenodo.821601,https://csdms.colorado.edu/wiki/Model:Meander_Centerline_Migration_Model
Meanderpy,Terrestrial,https://github.com/zsylvester/meanderpy,Through web repository,1,Python,,https://csdms.colorado.edu/wiki/Model:Meanderpy
Mixed bedrock-alluvial morphodynamic,Hydrology,,Through CSDMS repository,1,Fortran90,,https://csdms.colorado.edu/wiki/Model:Mixed_bedrock-alluvial_morphodynamic
MizuRoute,Hydrology,https://zenodo.org/records/56043,Through web repository,1,Python,10.5281/zenodo.56043,https://csdms.colorado.edu/wiki/Model:MizuRoute
Mocsy,Marine,https://github.com/jamesorr/mocsy,Through web repository,1,,,https://csdms.colorado.edu/wiki/Model:Mocsy
ModelParameterDictionary,Climate,,Through CSDMS repository,1,Python,10.1594/IEDA/100148,https://csdms.colorado.edu/wiki/Model:ModelParameterDictionary
Morphodynamic gravel bed,Terrestrial,,Through CSDMS repository,1,Fortran90,10.5281/zenodo.5007003,https://csdms.colorado.edu/wiki/Model:Morphodynamic_gravel_bed
Mosartwmpy,Hydrology,https://github.com/IMMM-SFA/mosartwmpy,Through web repository,0,Python,,https://csdms.colorado.edu/wiki/Model:Mosartwmpy
Mrip,Coastal,,Through CSDMS repository,1,Matlab,10.1594/IEDA/100149,https://csdms.colorado.edu/wiki/Model:Mrip
NEMO,Marine,https://forge.nemo-ocean.eu/nemo/nemo/-//releases/4.2.2,Through web repository,1,Fortran90,,https://csdms.colorado.edu/wiki/Model:NEMO
NEWTS,Coastal,https://code.usgs.gov/spcmsc/newts,Through web repository,1,Matlab,10.5066/P9Q6GDGP,https://csdms.colorado.edu/wiki/Model:NEWTS
NEXRAD-extract,Climate,https://github.com/awickert/nexrad-extract,Through CSDMS repository,1,Python,10.1594/IEDA/100150,https://csdms.colorado.edu/wiki/Model:NEXRAD-extract
NUBBLE,Coastal,http://www-nml.dartmouth.edu/Software/nubble/,Through web repository,1,Fortran77,,https://csdms.colorado.edu/wiki/Model:NUBBLE
NWIS Data Component,Climate,https://github.com/gantian127/bmi_nwis,Through web repository,1,Python,,https://csdms.colorado.edu/wiki/Model:NWIS_Data_Component
NWM Data Component,Climate,https://github.com/gantian127/nwm,Through web repository,1,Python,,https://csdms.colorado.edu/wiki/Model:NWM_Data_Component
NearCoM,Coastal,http://www.coastal.udel.edu/~fyshi/usgs/usgs.html,Through web repository,1,Fortran77,,https://csdms.colorado.edu/wiki/Model:NearCoM
Nitrate Network Model,Hydrology,,Through CSDMS repository,1,Matlab,,https://csdms.colorado.edu/wiki/Model:Nitrate_Network_Model
Non Local Means Filtering,Terrestrial,,Through CSDMS repository,1,C++,,https://csdms.colorado.edu/wiki/Model:Non_Local_Means_Filtering
NormalFault,Geodynamic,https://github.com/landlab/landlab/tree/master/landlab,Through web repository,1,Python,,https://csdms.colorado.edu/wiki/Model:NormalFault
OGGM,Cryosphere,https://github.com/OGGM/oggm,Through web repository,1,Python,,https://csdms.colorado.edu/wiki/Model:OGGM
OTEQ,Hydrology,http://water.usgs.gov/software/OTEQ/,Through web repository,1,Fortran77,,https://csdms.colorado.edu/wiki/Model:OTEQ
OTIS,Hydrology,http://water.usgs.gov/software/OTIS/,Through web repository,1,Fortran77,,https://csdms.colorado.edu/wiki/Model:OTIS
OTTAR,Hydrology,https://github.com/MNiMORPH/OTTAR,Through web repository,1,Python,,https://csdms.colorado.edu/wiki/Model:OTTAR
OTTER,Terrestrial,,Through CSDMS repository,1,Matlab,10.5281/zenodo.1243079,https://csdms.colorado.edu/wiki/Model:OTTER
OceanWaves,Coastal,,Through CSDMS repository,1,Python,,https://csdms.colorado.edu/wiki/Model:OceanWaves
Oceananigans.jl,Marine,https://github.com/CliMA/Oceananigans.jl,Through web repository,0,,,https://csdms.colorado.edu/wiki/Model:Oceananigans.jl
OlaFlow,Coastal,https://github.com/phicau/olaFlow,Through web repository,1,C++,10.5281/zenodo.1297012,https://csdms.colorado.edu/wiki/Model:OlaFlow
OpenAMUNDSEN,Cryosphere,https://github.com/openamundsen/openamundsen,Through web repository,1,Python,,https://csdms.colorado.edu/wiki/Model:OpenAMUNDSEN
OpenFOAM,Coastal,http://www.openfoam.org/download/,Through web repository,1,C++,,https://csdms.colorado.edu/wiki/Model:OpenFOAM
OptimalCycleID,Coastal,,Through CSDMS repository,1,Matlab,,https://csdms.colorado.edu/wiki/Model:OptimalCycleID
OrderID,Coastal,,Through CSDMS repository,1,Matlab,,https://csdms.colorado.edu/wiki/Model:OrderID
OverlandFlow,Hydrology,https://github.com/landlab/landlab/tree/master/landlab/components/overland_flow,Through web repository,1,Python,,https://csdms.colorado.edu/wiki/Model:OverlandFlow
OverlandFlowBates,Hydrology,https://github.com/landlab/landlab/tree/master/landlab,Through web repository,1,Python,,https://csdms.colorado.edu/wiki/Model:OverlandFlowBates
PCR-GLOBWB,Hydrology,https://github.com/UU-Hydro/PCR-GLOBWB_model,Through web repository,1,Python,10.5281/zenodo.595656,https://csdms.colorado.edu/wiki/Model:PCR-GLOBWB
PHREEQC,Hydrology,http://wwwbrr.cr.usgs.gov/projects/GWC_coupled/phreeqc/,Through web repository,1,C,,https://csdms.colorado.edu/wiki/Model:PHREEQC
PIHM,Hydrology,http://sourceforge.net/projects/pihmmodel/,Through web repository,1,C,,https://csdms.colorado.edu/wiki/Model:PIHM
PIHMgis,Hydrology,http://sourceforge.net/projects/pihmgis/,Through web repository,1,C,,https://csdms.colorado.edu/wiki/Model:PIHMgis
PISM,Cryosphere,https://github.com/pism/pism,Through web repository,1,C++,,https://csdms.colorado.edu/wiki/Model:PISM
PRMS,Hydrology,http://wwwbrr.cr.usgs.gov/projects/SW_MoWS/PRMS.html,Through web repository,1,C,,https://csdms.colorado.edu/wiki/Model:PRMS
PSTSWM,Climate,http://www.csm.ornl.gov/chammp/pstswm/index.html,Through web repository,1,Fortran77,,https://csdms.colorado.edu/wiki/Model:PSTSWM
ParFlow,Hydrology,http://inside.mines.edu/~rmaxwell/maxwell_software.shtml,Through web repository,1,C,,https://csdms.colorado.edu/wiki/Model:ParFlow
Permafrost Benchmark System,Climate,https://github.com/permamodel/pbs,Through web repository,1,Python,10.5281/zenodo.1410622,https://csdms.colorado.edu/wiki/Model:Permafrost_Benchmark_System
PerronNLDiffuse,Terrestrial,https://github.com/landlab/landlab/tree/master/landlab,Through web repository,1,Python,,https://csdms.colorado.edu/wiki/Model:PerronNLDiffuse
Physprop,Coastal,,,1,Matlab,,https://csdms.colorado.edu/wiki/Model:Physprop
Pllcart3d,Hydrology,,Through CSDMS repository,1,C,10.1594/IEDA/100151,https://csdms.colorado.edu/wiki/Model:Pllcart3d
Plume,Coastal,https://github.com/mcflugen/sedflux,Through web repository,1,C,10.1594/IEDA/100152,https://csdms.colorado.edu/wiki/Model:Plume
Point-Tidal-flat,Coastal,,Through CSDMS repository,1,Matlab,10.1594/IEDA/100153,https://csdms.colorado.edu/wiki/Model:Point-Tidal-flat
PotentialEvapotranspiration,Climate,https://github.com/landlab/landlab/tree/master/landlab,Through web repository,1,Python,,https://csdms.colorado.edu/wiki/Model:PotentialEvapotranspiration
PotentialityFlowRouter,Hydrology,https://github.com/landlab/landlab/tree/master/landlab,Through web repository,1,Python,,https://csdms.colorado.edu/wiki/Model:PotentialityFlowRouter
PrecipitationDistribution,Climate,https://github.com/landlab/landlab/tree/master/landlab,Through web repository,1,Python,,https://csdms.colorado.edu/wiki/Model:PrecipitationDistribution
Princeton Ocean Model (POM),Marine,http://www.aos.princeton.edu/WWWPUBLIC/htdocs.pom/FTPbackup/,Through web repository,1,Fortran77,,https://csdms.colorado.edu/wiki/Model:Princeton_Ocean_Model_(POM)
PsHIC,Hydrology,,Through CSDMS repository,1,Matlab,10.1594/IEDA/100154,https://csdms.colorado.edu/wiki/Model:PsHIC
PyDeCe,Terrestrial,https://github.com/iganache/PyDeCe,Through web repository,1,Python,,https://csdms.colorado.edu/wiki/Model:PyDeCe
PyDeltaRCM,Coastal,https://github.com/mperignon/pyDeltaRCM_WMT,Through web repository,1,Python,,https://csdms.colorado.edu/wiki/Model:PyDeltaRCM
PyRiverBed,Hydrology,https://github.com/ZhiLiHydro/pyRiverBed,Through web repository,1,Python,,https://csdms.colorado.edu/wiki/Model:PyRiverBed
PySBeLT,Hydrology,https://github.com/szwiep/py_SBeLT,Through web repository,0,Python,,https://csdms.colorado.edu/wiki/Model:PySBeLT
QDSSM,Coastal,,,1,Fortran90,,https://csdms.colorado.edu/wiki/Model:QDSSM
QTCM,Climate,http://www.atmos.ucla.edu/~csi/QTCM/,Through web repository,1,Fortran90,,https://csdms.colorado.edu/wiki/Model:QTCM
QUAL2K,Terrestrial,http://www.epa.gov/athens/wwqtsc/html/qual2k.html,Through web repository,1,Fortran90,,https://csdms.colorado.edu/wiki/Model:QUAL2K
QUODDY,Coastal,http://www-nml.dartmouth.edu/Software/quoddy/,Through web repository,1,Fortran77,,https://csdms.colorado.edu/wiki/Model:QUODDY
Quad,Coastal,,,1,Matlab,,https://csdms.colorado.edu/wiki/Model:Quad
RAFEM,Terrestrial,https://github.com/katmratliff/avulsion-bmi,Through web repository,1,Python,,https://csdms.colorado.edu/wiki/Model:RAFEM
RASCAL,Coastal,,,1,Matlab,,https://csdms.colorado.edu/wiki/Model:RASCAL
RCPWAVE,Coastal,,,1,Fortran77,,https://csdms.colorado.edu/wiki/Model:RCPWAVE
REF-DIF,Coastal,http://falk.ucsd.edu/modeling/,Through web repository,1,Fortran77,,https://csdms.colorado.edu/wiki/Model:REF-DIF
RHESSys,Hydrology,http://fiesta.bren.ucsb.edu/~rhessys/setup/downloads/downloads.html,Through web repository,1,C,,https://csdms.colorado.edu/wiki/Model:RHESSys
ROMS,Marine,https://www.myroms.org/index.php?page=login,Through web repository,1,Fortran90,,https://csdms.colorado.edu/wiki/Model:ROMS
ROMS Data Component,Coastal,https://github.com/gantian127/pymt_roms,Through web repository,1,Python,,https://csdms.colorado.edu/wiki/Model:ROMS_Data_Component
ROMSBuilder,Marine,,,1,Python,,https://csdms.colorado.edu/wiki/Model:ROMSBuilder
Rabpro,Hydrology,https://github.com/VeinsOfTheEarth/rabpro,Through web repository,0,Python,,https://csdms.colorado.edu/wiki/Model:Rabpro
Radiation,Climate,https://github.com/landlab/landlab/tree/master/landlab,Through web repository,1,Python,,https://csdms.colorado.edu/wiki/Model:Radiation
RecircFeed,Hydrology,,Through CSDMS repository,1,C,10.1594/IEDA/100155,https://csdms.colorado.edu/wiki/Model:RecircFeed
Rescal-snow,Cryosphere,https://github.com/kellykochanski/rescal-snow,Through web repository,0,C,10.5281/zenodo.3517217,https://csdms.colorado.edu/wiki/Model:Rescal-snow
Reservoir,Hydrology,https://github.com/swd-turner/reservoir,Through web repository,1,,,https://csdms.colorado.edu/wiki/Model:Reservoir
RivGraph,Coastal,https://github.com/VeinsOfTheEarth/RivGraph,Through web repository,0,Python,,https://csdms.colorado.edu/wiki/Model:RivGraph
RivMAP,Terrestrial,https://www.mathworks.com/matlabcentral/fileexchange/58264-rivmap-river-morphodynamics-from-analysis-of-planforms,Through web repository,1,Matlab,,https://csdms.colorado.edu/wiki/Model:RivMAP
River Erosion Model,Hydrology,https://github.com/rodlammers/REM,Through web repository,1,C++,,https://csdms.colorado.edu/wiki/Model:River_Erosion_Model
River Network Bed-Material Sediment,Hydrology,,Through CSDMS repository,1,Matlab,,https://csdms.colorado.edu/wiki/Model:River_Network_Bed-Material_Sediment
River Temperature Model,Hydrology,https://github.com/permamodel/River-temp-python,Through web repository,1,Matlab,,https://csdms.colorado.edu/wiki/Model:River_Temperature_Model
RiverMUSE,Ecosystems,,Through CSDMS repository,1,Matlab,,https://csdms.colorado.edu/wiki/Model:RiverMUSE
RiverSynth,Hydrology,,,1,,,https://csdms.colorado.edu/wiki/Model:RiverSynth
RiverWFRisingBaseLevelNormal,Hydrology,,Through CSDMS repository,1,C,10.1594/IEDA/100156,https://csdms.colorado.edu/wiki/Model:RiverWFRisingBaseLevelNormal
RouseVanoniEquilibrium,Hydrology,,Through CSDMS repository,1,C,10.1594/IEDA/100157,https://csdms.colorado.edu/wiki/Model:RouseVanoniEquilibrium
SBEACH,Coastal,,,1,C++,,https://csdms.colorado.edu/wiki/Model:SBEACH
SBM,Coastal,,Through CSDMS repository,1,C++,10.1594/IEDA/100159,https://csdms.colorado.edu/wiki/Model:SBM
SEA,Marine,http://www.uea.ac.uk/menu/acad_depts/mth/ocean/SEA/welcome.html,Through web repository,1,Fortran77,,https://csdms.colorado.edu/wiki/Model:SEA
SEDPAK,Carbonates and Biogenics,,,1,C,,https://csdms.colorado.edu/wiki/Model:SEDPAK
SELFE,Coastal,http://www.stccmop.org/CORIE/software/selfe/recent.html,Through web repository,1,Fortran90,,https://csdms.colorado.edu/wiki/Model:SELFE
SEOM,Coastal,,,1,Fortran90,,https://csdms.colorado.edu/wiki/Model:SEOM
SETTLE,Terrestrial,,Through CSDMS repository,1,Fortran77,10.1594/IEDA/100162,https://csdms.colorado.edu/wiki/Model:SETTLE
SFINCS,Coastal,,Through CSDMS repository,0,C,,https://csdms.colorado.edu/wiki/Model:SFINCS
SIBERIA,Terrestrial,,Through CSDMS repository,1,Fortran77,10.1594/IEDA/100163,https://csdms.colorado.edu/wiki/Model:SIBERIA
SICOPOLIS,Cryosphere,http://www.sicopolis.net/,Through web repository,0,Fortran90,,https://csdms.colorado.edu/wiki/Model:SICOPOLIS
SIGNUM,Terrestrial,https://sites.google.com/site/spqggroup/software,Through web repository,1,Matlab,,https://csdms.colorado.edu/wiki/Model:SIGNUM
SIMSAFADIM,Coastal,,,1,Fortran77,,https://csdms.colorado.edu/wiki/Model:SIMSAFADIM
SINUOUS,Hydrology,,Through CSDMS repository,1,Fortran90,,https://csdms.colorado.edu/wiki/Model:SINUOUS
SISV,,,,1,C++,,https://csdms.colorado.edu/wiki/Model:SISV
SLAMM 6.7,Climate,https://github.com/WarrenPinnacle/SLAMM6.7,Through web repository,1,,,https://csdms.colorado.edu/wiki/Model:SLAMM_6.7
SLEPIAN Alpha,Marine,,Through CSDMS repository,1,Matlab,10.5281/zenodo.15704,https://csdms.colorado.edu/wiki/Model:SLEPIAN_Alpha
SLEPIAN Bravo,Marine,,Through CSDMS repository,1,Matlab,10.5281/zenodo.15705,https://csdms.colorado.edu/wiki/Model:SLEPIAN_Bravo
SLEPIAN Charlie,Marine,,Through CSDMS repository,1,Matlab,10.5281/zenodo.15706,https://csdms.colorado.edu/wiki/Model:SLEPIAN_Charlie
SLEPIAN Delta,Marine,,Through CSDMS repository,1,Matlab,10.5281/zenodo.15707,https://csdms.colorado.edu/wiki/Model:SLEPIAN_Delta
SLEPIAN Echo,Climate,,Through CSDMS repository,1,Matlab,,https://csdms.colorado.edu/wiki/Model:SLEPIAN_Echo
SNAC,Geodynamic,http://www.geodynamics.org/cig/software/snac/,Through web repository,1,C,,https://csdms.colorado.edu/wiki/Model:SNAC
SNOWPACK,Cryosphere,https://snowpack.slf.ch,Through web repository,1,C++,,https://csdms.colorado.edu/wiki/Model:SNOWPACK
SPACE,Terrestrial,https://github.com/landlab/landlab,Through web repository,1,Python,,https://csdms.colorado.edu/wiki/Model:SPACE
SPARROW,Hydrology,http://water.usgs.gov/nawqa/sparrow/,Through web repository,1,,,https://csdms.colorado.edu/wiki/Model:SPARROW
SPHYSICS,Coastal,http://wiki.manchester.ac.uk/sphysics/index.php/SPHYSICS_Home_Page,Through web repository,1,Fortran90,,https://csdms.colorado.edu/wiki/Model:SPHYSICS
SRH-1D,Terrestrial,,,1,Fortran90,,https://csdms.colorado.edu/wiki/Model:SRH-1D
STORM,Coastal,,Through CSDMS repository,1,Fortran77,10.1594/IEDA/100166,https://csdms.colorado.edu/wiki/Model:STORM
STSWM,Climate,http://www.csm.ornl.gov/chammp/stswm/index.html,Through web repository,1,Fortran77,,https://csdms.colorado.edu/wiki/Model:STSWM
STVENANT,Coastal,,Through CSDMS repository,1,Fortran77,10.1594/IEDA/100168,https://csdms.colorado.edu/wiki/Model:STVENANT
STWAVE,Coastal,http://chl.erdc.usace.army.mil/chl.aspx?p=s&a=SOFTWARE;9,Through web repository,1,Fortran77,,https://csdms.colorado.edu/wiki/Model:STWAVE
SUSP,Terrestrial,,Through CSDMS repository,1,Fortran77,10.1594/IEDA/100171,https://csdms.colorado.edu/wiki/Model:SUSP
SVELA,Terrestrial,,Through CSDMS repository,1,Fortran77,10.1594/IEDA/100173,https://csdms.colorado.edu/wiki/Model:SVELA
SWAN,Coastal,http://www.swan.tudelft.nl/,Through web repository,1,Fortran77,,https://csdms.colorado.edu/wiki/Model:SWAN
SWAT,Hydrology,https://swat.tamu.edu/software/plus/,Through web repository,1,,,https://csdms.colorado.edu/wiki/Model:SWAT
SWEHR,Hydrology,,Through CSDMS repository,1,C,10.5281/zenodo.824087,https://csdms.colorado.edu/wiki/Model:SWEHR
SWMM,Hydrology,http://www2.epa.gov/water-research/storm-water-management-model-swmm,Through web repository,1,,,https://csdms.colorado.edu/wiki/Model:SWMM
Sakura,Coastal,https://github.com/mcflugen/sedflux,Through web repository,1,C,10.1594/IEDA/100158,https://csdms.colorado.edu/wiki/Model:Sakura
SedBerg,Coastal,,Through CSDMS repository,1,C,10.1594/IEDA/100160,https://csdms.colorado.edu/wiki/Model:SedBerg
SedCas,Hydrology,https://github.com/jacobhirschberg/SedCas,Through web repository,1,Python,10.5281/zenodo.5974907,https://csdms.colorado.edu/wiki/Model:SedCas
SedDepEroder,Terrestrial,https://github.com/landlab/landlab/tree/master/landlab,Through web repository,1,Python,,https://csdms.colorado.edu/wiki/Model:SedDepEroder
SedFoam-2.0,Coastal,,Through CSDMS repository,1,C++,,https://csdms.colorado.edu/wiki/Model:SedFoam-2.0
SedPlume,Coastal,,,1,C,,https://csdms.colorado.edu/wiki/Model:SedPlume
Sedflux,Coastal,https://github.com/mcflugen/sedflux,Through web repository,1,C,10.1594/IEDA/100161,https://csdms.colorado.edu/wiki/Model:Sedflux
Sedtrans05,Marine,http://labsedim.uqar.ca/sedtrans05,Through web repository,1,Fortran77,,https://csdms.colorado.edu/wiki/Model:Sedtrans05
Shoreline,Coastal,,,1,Matlab,,https://csdms.colorado.edu/wiki/Model:Shoreline
SiStER,Geodynamic,https://github.com/jaolive/SiStER,Through web repository,1,Matlab,,https://csdms.colorado.edu/wiki/Model:SiStER
SimClast,Coastal,,,1,Fortran77,,https://csdms.colorado.edu/wiki/Model:SimClast
SinkFiller,Hydrology,https://github.com/landlab/landlab/tree/master/landlab,Through web repository,1,Python,,https://csdms.colorado.edu/wiki/Model:SinkFiller
SoilGrids Data Component,Ecosystems,https://github.com/gantian127/soilgrids,Through web repository,1,Python,,https://csdms.colorado.edu/wiki/Model:SoilGrids_Data_Component
SoilInfiltrationGreenAmpt,Hydrology,https://github.com/landlab/landlab/blob/master/landlab/components/soil_moisture/infiltrate_soil_green_ampt.py,Through web repository,1,Python,,https://csdms.colorado.edu/wiki/Model:SoilInfiltrationGreenAmpt
SoilMoisture,Hydrology,https://github.com/landlab/landlab/tree/master/landlab,Through web repository,1,Python,,https://csdms.colorado.edu/wiki/Model:SoilMoisture
SpatialPrecipitationDistribution,Climate,https://github.com/landlab/landlab/tree/master/landlab,Through web repository,1,Python,,https://csdms.colorado.edu/wiki/Model:SpatialPrecipitationDistribution
Spbgc,Coastal,,,1,C,,https://csdms.colorado.edu/wiki/Model:Spbgc
SpeciesEvolver,Ecosystems,https://github.com/landlab/landlab/tree/master/landlab,Through web repository,1,Python,,https://csdms.colorado.edu/wiki/Model:SpeciesEvolver
Spirals1D,Terrestrial,,Through CSDMS repository,1,C,10.1594/IEDA/100164,https://csdms.colorado.edu/wiki/Model:Spirals1D
SteadyStateAg,Hydrology,,Through CSDMS repository,1,C,10.1594/IEDA/100165,https://csdms.colorado.edu/wiki/Model:SteadyStateAg
SteepnessFinder,Terrestrial,https://github.com/landlab/landlab/tree/master/landlab,Through web repository,1,Python,,https://csdms.colorado.edu/wiki/Model:SteepnessFinder
StreamPower,Terrestrial,,Through CSDMS repository,1,C,10.1594/IEDA/100167,https://csdms.colorado.edu/wiki/Model:StreamPower
StreamPowerSmoothThresholdEroder,Terrestrial,https://github.com/landlab/landlab/tree/master/landlab,Through web repository,1,Python,,https://csdms.colorado.edu/wiki/Model:StreamPowerSmoothThresholdEroder
StreamProfilerApp,Terrestrial,https://streamprofilerapp.github.io/,Through CSDMS repository,1,Python,,https://csdms.colorado.edu/wiki/Model:StreamProfilerApp
Subside,Geodynamic,https://github.com/mcflugen/sedflux,Through web repository,1,C,10.1594/IEDA/100169,https://csdms.colorado.edu/wiki/Model:Subside
SubsidingFan,Hydrology,,Through CSDMS repository,1,C,10.1594/IEDA/100170,https://csdms.colorado.edu/wiki/Model:SubsidingFan
Sun fan-delta model,Coastal,https://github.com/alimaye/sun-fan-delta-model,Through web repository,1,Matlab,,https://csdms.colorado.edu/wiki/Model:Sun_fan-delta_model
SurfaceRoughness,Terrestrial,,Through CSDMS repository,1,C++,,https://csdms.colorado.edu/wiki/Model:SurfaceRoughness
SuspSedDensityStrat,Hydrology,,Through CSDMS repository,1,C,10.1594/IEDA/100172,https://csdms.colorado.edu/wiki/Model:SuspSedDensityStrat
Symphonie,Marine,http://sirocco.omp.obs-mip.fr/ocean_models,Through web repository,1,Fortran77,,https://csdms.colorado.edu/wiki/Model:Symphonie
TAo,Geodynamic,https://github.com/danigeos/tao-geo,Through web repository,1,C,,https://csdms.colorado.edu/wiki/Model:TAo
TISC,Climate,https://sites.google.com/site/daniggcc/software/tisc,Through web repository,1,C,,https://csdms.colorado.edu/wiki/Model:TISC
TOPMODEL,Hydrology,https://cran.r-project.org/package=topmodel,Through web repository,1,Fortran77,,https://csdms.colorado.edu/wiki/Model:TOPMODEL
TOPOG,Hydrology,http://www-data.wron.csiro.au/topog/,Through web repository,1,C,,https://csdms.colorado.edu/wiki/Model:TOPOG
TUGS,Terrestrial,,,1,Fortran77,,https://csdms.colorado.edu/wiki/Model:TUGS
TURB,Terrestrial,,Through CSDMS repository,1,Fortran77,10.1594/IEDA/100176,https://csdms.colorado.edu/wiki/Model:TURB
TURBINS,Marine,,Through CSDMS repository,1,C,,https://csdms.colorado.edu/wiki/Model:TURBINS
TauDEM,Hydrology,http://hydrology.usu.edu/taudem/taudem5/index.html,Through web repository,1,C++,,https://csdms.colorado.edu/wiki/Model:TauDEM
TaylorNonLinearDiffuser,Hydrology,https://github.com/landlab/landlab/tree/master/landlab,Through web repository,1,Python,,https://csdms.colorado.edu/wiki/Model:TaylorNonLinearDiffuser
Terrainbento,Terrestrial,https://github.com/TerrainBento/terrainbento,Through web repository,1,Python,,https://csdms.colorado.edu/wiki/Model:Terrainbento
Terrapin,Terrestrial,https://github.com/awickert/terrapin,Through CSDMS repository,1,Python,,https://csdms.colorado.edu/wiki/Model:Terrapin
ThawLake1D,Cryosphere,,Through CSDMS repository,1,Matlab,,https://csdms.colorado.edu/wiki/Model:ThawLake1D
The TELEMAC system,Hydrology,http://www.opentelemac.org/,Through web repository,1,Fortran77,,https://csdms.colorado.edu/wiki/Model:The_TELEMAC_system
TopoFlow,Hydrology,https://github.com/peckhams/topoflow,Through web repository,1,Python,10.1594/IEDA/100174,https://csdms.colorado.edu/wiki/Model:TopoFlow
TopoFlow-Channels-Diffusive Wave,Hydrology,https://github.com/peckhams/topoflow,Through web repository,1,Python,,https://csdms.colorado.edu/wiki/Model:TopoFlow-Channels-Diffusive_Wave
TopoFlow-Channels-Dynamic Wave,Hydrology,https://github.com/peckhams/topoflow,Through web repository,1,Python,,https://csdms.colorado.edu/wiki/Model:TopoFlow-Channels-Dynamic_Wave
TopoFlow-Channels-Kinematic Wave,Hydrology,https://github.com/peckhams/topoflow,Through web repository,1,Python,,https://csdms.colorado.edu/wiki/Model:TopoFlow-Channels-Kinematic_Wave
TopoFlow-DEM Smoother,Hydrology,,,1,,,https://csdms.colorado.edu/wiki/Model:TopoFlow-DEM_Smoother
TopoFlow-Data-HIS,Hydrology,https://github.com/peckhams/topoflow,Through web repository,1,,,https://csdms.colorado.edu/wiki/Model:TopoFlow-Data-HIS
TopoFlow-Diversions,Hydrology,https://github.com/peckhams/topoflow,Through web repository,1,Python,,https://csdms.colorado.edu/wiki/Model:TopoFlow-Diversions
TopoFlow-Evaporation-Energy Balance,Hydrology,https://github.com/peckhams/topoflow,Through web repository,1,Python,,https://csdms.colorado.edu/wiki/Model:TopoFlow-Evaporation-Energy_Balance
TopoFlow-Evaporation-Priestley Taylor,Hydrology,https://github.com/peckhams/topoflow,Through web repository,1,Python,,https://csdms.colorado.edu/wiki/Model:TopoFlow-Evaporation-Priestley_Taylor
TopoFlow-Evaporation-Read File,Hydrology,https://github.com/peckhams/topoflow,Through web repository,1,Python,,https://csdms.colorado.edu/wiki/Model:TopoFlow-Evaporation-Read_File
TopoFlow-Infiltration-Green-Ampt,Hydrology,https://github.com/peckhams/topoflow,Through web repository,1,Python,,https://csdms.colorado.edu/wiki/Model:TopoFlow-Infiltration-Green-Ampt
TopoFlow-Infiltration-Richards 1D,Hydrology,https://github.com/peckhams/topoflow,Through web repository,1,Python,,https://csdms.colorado.edu/wiki/Model:TopoFlow-Infiltration-Richards_1D
TopoFlow-Infiltration-Smith-Parlange,Hydrology,https://github.com/peckhams/topoflow,Through web repository,1,Python,,https://csdms.colorado.edu/wiki/Model:TopoFlow-Infiltration-Smith-Parlange
TopoFlow-Meteorology,Hydrology,https://github.com/peckhams/topoflow,Through web repository,1,Python,,https://csdms.colorado.edu/wiki/Model:TopoFlow-Meteorology
TopoFlow-Saturated Zone-Darcy Layers,Hydrology,https://github.com/peckhams/topoflow,Through web repository,1,Python,,https://csdms.colorado.edu/wiki/Model:TopoFlow-Saturated_Zone-Darcy_Layers
TopoFlow-Snowmelt-Degree-Day,Hydrology,https://github.com/peckhams/topoflow,Through web repository,1,Python,,https://csdms.colorado.edu/wiki/Model:TopoFlow-Snowmelt-Degree-Day
TopoFlow-Snowmelt-Energy Balance,Hydrology,https://github.com/peckhams/topoflow,Through web repository,1,Python,,https://csdms.colorado.edu/wiki/Model:TopoFlow-Snowmelt-Energy_Balance
TopoPyScale,Cryosphere,https://github.com/ArcticSnow/TopoPyScale,Through web repository,0,Python,,https://csdms.colorado.edu/wiki/Model:TopoPyScale
TopoToolbox,Hydrology,,Through CSDMS repository,1,Matlab,10.1594/IEDA/100175,https://csdms.colorado.edu/wiki/Model:TopoToolbox
Topography Data Component,Climate,https://github.com/csdms/bmi-topography,Through web repository,1,Python,10.5281/zenodo.4608652,https://csdms.colorado.edu/wiki/Model:Topography_Data_Component
Tracer dispersion calculator,Terrestrial,https://github.com/vipenrica/tracer-stone-modeling,Through web repository,1,Python,,https://csdms.colorado.edu/wiki/Model:Tracer_dispersion_calculator
TransportLengthHillslopeDiffuser,Hydrology,https://github.com/landlab/landlab/tree/master/landlab,Through web repository,1,Python,,https://csdms.colorado.edu/wiki/Model:TransportLengthHillslopeDiffuser
TreeThrow,Terrestrial,,,1,Fortran77,,https://csdms.colorado.edu/wiki/Model:TreeThrow
TwoPhaseEulerSedFoam,Hydrology,,Through CSDMS repository,1,C++,,https://csdms.colorado.edu/wiki/Model:TwoPhaseEulerSedFoam
UEB,Hydrology,https://bitbucket.org/dtarb/ueb/overview,Through web repository,1,Fortran90,,https://csdms.colorado.edu/wiki/Model:UEB
UIDS,Hydrology,https://github.com/vinhngoctran/UIDS,Through web repository,1,Matlab,,https://csdms.colorado.edu/wiki/Model:UIDS
UMCESroms,Marine,https://www.myroms.org/index.php?page=login,Through web repository,1,Fortran90,,https://csdms.colorado.edu/wiki/Model:UMCESroms
Underworld2,Geodynamic,https://github.com/underworldcode/underworld2,Through web repository,0,Python,,https://csdms.colorado.edu/wiki/Model:Underworld2
VIC,Hydrology,http://www.hydro.washington.edu/Lettenmaier/Models/VIC/Development/BetaTesting.shtml,Through web repository,1,,,https://csdms.colorado.edu/wiki/Model:VIC
VegCA,Ecosystems,https://github.com/landlab/landlab/tree/master/landlab,Through web repository,1,Python,,https://csdms.colorado.edu/wiki/Model:VegCA
Vegetation,Climate,https://github.com/landlab/landlab/tree/master/landlab,Through web repository,1,Python,,https://csdms.colorado.edu/wiki/Model:Vegetation
WACCM Dust-Sulfur,Climate,http://www.cesm.ucar.edu/working_groups/WACCM/,Through web repository,1,,,https://csdms.colorado.edu/wiki/Model:WACCM_Dust-Sulfur
WACCM-CARMA,Climate,http://www.cesm.ucar.edu/?ref=404,Through web repository,1,Fortran77,,https://csdms.colorado.edu/wiki/Model:WACCM-CARMA
WACCM-EE,Climate,http://www.cesm.ucar.edu/working_groups/WACCM/,Through web repository,1,Fortran77,,https://csdms.colorado.edu/wiki/Model:WACCM-EE
WASH123D,Hydrology,,,1,Fortran77,,https://csdms.colorado.edu/wiki/Model:WASH123D
WAVEREF,Coastal,,Through CSDMS repository,1,Fortran77,10.1594/IEDA/100177,https://csdms.colorado.edu/wiki/Model:WAVEREF
WAVEWATCH III Data Component,Climate,https://github.com/csdms/bmi-wavewatch3,Through web repository,1,Python,,https://csdms.colorado.edu/wiki/Model:WAVEWATCH_III_Data_Component
WAVEWATCH III ^TM,Coastal,http://polar.ncep.noaa.gov/waves/index2.shtml,Through web repository,1,Fortran77,,https://csdms.colorado.edu/wiki/Model:WAVEWATCH_III_%5ETM
WAVI.jl,Cryosphere,https://github.com/RJArthern/WAVI.jl,Through web repository,0,,,https://csdms.colorado.edu/wiki/Model:WAVI.jl
WBM-WTM,Hydrology,https://github.com/bmfekete/WBMplus,Through web repository,1,C,10.1594/IEDA/100179,https://csdms.colorado.edu/wiki/Model:WBM-WTM
WBMsed,Hydrology,,Through CSDMS repository,1,C++,10.1594/IEDA/100178,https://csdms.colorado.edu/wiki/Model:WBMsed
WDUNE,Terrestrial,https://github.com/tbarchyn/WDUNE,Through web repository,1,C++,,https://csdms.colorado.edu/wiki/Model:WDUNE
WEPP,Hydrology,,,1,Fortran77,,https://csdms.colorado.edu/wiki/Model:WEPP
WILSIM,Terrestrial,,Through CSDMS repository,1,Java,10.1594/IEDA/100180,https://csdms.colorado.edu/wiki/Model:WILSIM
WINDSEA,Coastal,,Through CSDMS repository,1,Fortran77,10.1594/IEDA/100181,https://csdms.colorado.edu/wiki/Model:WINDSEA
WOFOST,Terrestrial,"https://github.com/ajwdewit/WOFOST
https://github.com/ajwdewit/pcse
https://www.swap.alterra.nl/",Through web repository,1,Fortran77,,https://csdms.colorado.edu/wiki/Model:WOFOST
WPHydResAMBL,Hydrology,,Through CSDMS repository,1,C,10.1594/IEDA/100182,https://csdms.colorado.edu/wiki/Model:WPHydResAMBL
WRF,Climate,http://www2.mmm.ucar.edu/wrf/users/,Through web repository,0,C,,https://csdms.colorado.edu/wiki/Model:WRF
WRF-Hydro,Climate,https://ral.ucar.edu/projects/wrf_hydro/model-code,Through web repository,1,Fortran90,,https://csdms.colorado.edu/wiki/Model:WRF-Hydro
WSGFAM,Coastal,,Through CSDMS repository,1,Matlab,10.1594/IEDA/100183,https://csdms.colorado.edu/wiki/Model:WSGFAM
WSIMOD,Hydrology,https://github.com/ImperialCollegeLondon/wsi,Through web repository,0,Python,,https://csdms.colorado.edu/wiki/Model:WSIMOD
WTM,Terrestrial,https://github.com/KCallaghan/WTM/,Through web repository,1,C++,,https://csdms.colorado.edu/wiki/Model:WTM
WWTM,Coastal,,,1,Fortran90,,https://csdms.colorado.edu/wiki/Model:WWTM
Wetland3P,Coastal,,Through CSDMS repository,1,Matlab,,https://csdms.colorado.edu/wiki/Model:Wetland3P
XBeach,Coastal,http://oss.deltares.nl/web/xbeach/,Through web repository,1,Fortran90,,https://csdms.colorado.edu/wiki/Model:XBeach
YANGs,Terrestrial,,Through CSDMS repository,1,Fortran77,10.1594/IEDA/100184,https://csdms.colorado.edu/wiki/Model:YANGs
ZoneController,Ecosystems,https://github.com/landlab/landlab/tree/master/landlab,Through web repository,1,Python,,https://csdms.colorado.edu/wiki/Model:ZoneController
ZoneTaxon,Ecosystems,https://github.com/landlab/landlab/tree/master/landlab,Through web repository,1,Python,,https://csdms.colorado.edu/wiki/Model:ZoneTaxon
Zscape,Terrestrial,http://www.cas.usf.edu/~cconnor/parallel/zscape/zscape.html,Through web repository,1,C,,https://csdms.colorado.edu/wiki/Model:Zscape
